Workbook

Sheet Resumen
A1: Medidas por modelo (mm a la altura de referencia; proporciones, conteos y % sin unidad)
A2: ="Escala: "&Notas!B3&" mm de altura por modelo · celdas vacías = esa medida no se pudo sacar en ese modelo" -> Escala: 95 mm de altura por modelo · celdas vacías = esa medida no se pudo sacar en ese modelo
C3: T-pose | G3: Pose relajada | L3: Parciales
A4: Parte | B4: Medida | C4: 2a3facb9 | D4: 2f639739 | E4: 5dc9e0d5 | F4: a501b501 | G4: 2b65e967 | H4: 5ed925a3 | I4: 70ef0058 | J4: 80c13944 | K4: fba550bc | L4: 38448021 | M4: 6e95d62d
A5: general | B5: altura total | C5: =SUMIFS(Detalle!$I$2:$I$1370,Detalle!$A$2:$A$1370,"2a3facb9-object_2",Detalle!$B$2:$B$1370,$A5,Detalle!$C$2:$C$1370,$B5) -> 95 | D5: =SUMIFS(Detalle!$I$2:$I$1370,Detalle!$A$2:$A$1370,"2f639739-object_1",Detalle!$B$2:$B$1370,$A5,Detalle!$C$2:$C$1370,$B5) -> 95 | E5: =SUMIFS(Detalle!$I$2:$I$1370,Detalle!$A$2:$A$1370,"5dc9e0d5-object_0",Detalle!$B$2:$B$1370,$A5,Detalle!$C$2:$C$1370,$B5) -> 95 | F5: =SUMIFS(Detalle!$I$2:$I$1370,Detalle!$A$2:$A$1370,"a501b501-object_3",Detalle!$B$2:$B$1370,$A5,Detalle!$C$2:$C$1370,$B5) -> 95 | G5: =SUMIFS(Detalle!$I$2:$I$1370,Detalle!$A$2:$A$1370,"2b65e967-object_0-1",Detalle!$B$2:$B$1370,$A5,Detalle!$C$2:$C$1370,$B5) -> 95 | H5: =SUMIFS(Detalle!$I$2:$I$1370,Detalle!$A$2:$A$1370,"5ed925a3-object_2",Detalle!$B$2:$B$1370,$A5,Detalle!$C$2:$C$1370,$B5) -> 95 | I5: =SUMIFS(Detalle!$I$2:$I$1370,Detalle!$A$2:$A$1370,"70ef0058-object_0",Detalle!$B$2:$B$1370,$A5,Detalle!$C$2:$C$1370,$B5) -> 95 | J5: =SUMIFS(Detalle!$I$2:$I$1370,Detalle!$A$2:$A$1370,"80c13944-object_3",Detalle!$B$2:$B$1370,$A5,Detalle!$C$2:$C$1370,$B5) -> 95 | K5: =SUMIFS(Detalle!$I$2:$I$1370,Detalle!$A$2:$A$1370,"fba550bc-object_1",Detalle!$B$2:$B$1370,$A5,Detalle!$C$2:$C$1370,$B5) -> 95 | L5: =SUMIFS(Detalle!$I$2:$I$1370,Detalle!$A$2:$A$1370,"38448021-object_5",Detalle!$B$2:$B$1370,$A5,Detalle!$C$2:$C$1370,$B5) -> 95 | M5: =SUMIFS(Detalle!$I$2:$I$1370,Detalle!$A$2:$A$1370,"6e95d62d-object_4",Detalle!$B$2:$B$1370,$A5,Detalle!$C$2:$C$1370,$B5) -> 95
A6: general | B6: ancho total (X) | C6: =SUMIFS(Detalle!$I$2:$I$1370,Detalle!$A$2:$A$1370,"2a3facb9-object_2",Detalle!$B$2:$B$1370,$A6,Detalle!$C$2:$C$1370,$B6) -> 98.88775 | D6: =SUMIFS(Detalle!$I$2:$I$1370,Detalle!$A$2:$A$1370,"2f639739-object_1",Detalle!$B$2:$B$1370,$A6,Detalle!$C$2:$C$1370,$B6) -> 79.049072 | E6: =SUMIFS(Detalle!$I$2:$I$1370,Detalle!$A$2:$A$1370,"5dc9e0d5-object_0",Detalle!$B$2:$B$1370,$A6,Detalle!$C$2:$C$1370,$B6) -> 101.39396 | F6: =SUMIFS(Detalle!$I$2:$I$1370,Detalle!$A$2:$A$1370,"a501b501-object_3",Detalle!$B$2:$B$1370,$A6,Detalle!$C$2:$C$1370,$B6) -> 63.353916 | G6: =SUMIFS(Detalle!$I$2:$I$1370,Detalle!$A$2:$A$1370,"2b65e967-object_0-1",Detalle!$B$2:$B$1370,$A6,Detalle!$C$2:$C$1370,$B6) -> 50.141878 | H6: =SUMIFS(Detalle!$I$2:$I$1370,Detalle!$A$2:$A$1370,"5ed925a3-object_2",Detalle!$B$2:$B$1370,$A6,Detalle!$C$2:$C$1370,$B6) -> 46.333313 | I6: =SUMIFS(Detalle!$I$2:$I$1370,Detalle!$A$2:$A$1370,"70ef0058-object_0",Detalle!$B$2:$B$1370,$A6,Detalle!$C$2:$C$1370,$B6) -> 58.069129 | J6: =SUMIFS(Detalle!$I$2:$I$1370,Detalle!$A$2:$A$1370,"80c13944-object_3",Detalle!$B$2:$B$1370,$A6,Detalle!$C$2:$C$1370,$B6) -> 49.225221 | K6: =SUMIFS(Detalle!$I$2:$I$1370,Detalle!$A$2:$A$1370,"fba550bc-object_1",Detalle!$B$2:$B$1370,$A6,Detalle!$C$2:$C$1370,$B6) -> 46.824586 | L6: =SUMIFS(Detalle!$I$2:$I$1370,Detalle!$A$2:$A$1370,"38448021-object_5",Detalle!$B$2:$B$1370,$A6,Detalle!$C$2:$C$1370,$B6) -> 91.584381 | M6: =SUMIFS(Detalle!$I$2:$I$1370,Detalle!$A$2:$A$1370,"6e95d62d-object_4",Detalle!$B$2:$B$1370,$A6,Detalle!$C$2:$C$1370,$B6) -> 127.6631
A7: general | B7: fondo total (Z) | C7: =SUMIFS(Detalle!$I$2:$I$1370,Detalle!$A$2:$A$1370,"2a3facb9-object_2",Detalle!$B$2:$B$1370,$A7,Detalle!$C$2:$C$1370,$B7) -> 36.680768 | D7: =SUMIFS(Detalle!$I$2:$I$1370,Detalle!$A$2:$A$1370,"2f639739-object_1",Detalle!$B$2:$B$1370,$A7,Detalle!$C$2:$C$1370,$B7) -> 41.953073 | E7: =SUMIFS(Detalle!$I$2:$I$1370,Detalle!$A$2:$A$1370,"5dc9e0d5-object_0",Detalle!$B$2:$B$1370,$A7,Detalle!$C$2:$C$1370,$B7) -> 36.65666 | F7: =SUMIFS(Detalle!$I$2:$I$1370,Detalle!$A$2:$A$1370,"a501b501-object_3",Detalle!$B$2:$B$1370,$A7,Detalle!$C$2:$C$1370,$B7) -> 31.120739 | G7: =SUMIFS(Detalle!$I$2:$I$1370,Detalle!$A$2:$A$1370,"2b65e967-object_0-1",Detalle!$B$2:$B$1370,$A7,Detalle!$C$2:$C$1370,$B7) -> 37.702342 | H7: =SUMIFS(Detalle!$I$2:$I$1370,Detalle!$A$2:$A$1370,"5ed925a3-object_2",Detalle!$B$2:$B$1370,$A7,Detalle!$C$2:$C$1370,$B7) -> 43.182595 | I7: =SUMIFS(Detalle!$I$2:$I$1370,Detalle!$A$2:$A$1370,"70ef0058-object_0",Detalle!$B$2:$B$1370,$A7,Detalle!$C$2:$C$1370,$B7) -> 40.303866 | J7: =SUMIFS(Detalle!$I$2:$I$1370,Detalle!$A$2:$A$1370,"80c13944-object_3",Detalle!$B$2:$B$1370,$A7,Detalle!$C$2:$C$1370,$B7) -> 38.882467 | K7: =SUMIFS(Detalle!$I$2:$I$1370,Detalle!$A$2:$A$1370,"fba550bc-object_1",Detalle!$B$2:$B$1370,$A7,Detalle!$C$2:$C$1370,$B7) -> 43.164707 | L7: =SUMIFS(Detalle!$I$2:$I$1370,Detalle!$A$2:$A$1370,"38448021-object_5",Detalle!$B$2:$B$1370,$A7,Detalle!$C$2:$C$1370,$B7) -> 73.306638 | M7: =SUMIFS(Detalle!$I$2:$I$1370,Detalle!$A$2:$A$1370,"6e95d62d-object_4",Detalle!$B$2:$B$1370,$A7,Detalle!$C$2:$C$1370,$B7) -> 135.97786
A8: general | B8: triángulos | C8: =SUMIFS(Detalle!$I$2:$I$1370,Detalle!$A$2:$A$1370,"2a3facb9-object_2",Detalle!$B$2:$B$1370,$A8,Detalle!$C$2:$C$1370,$B8) -> 7681 | D8: =SUMIFS(Detalle!$I$2:$I$1370,Detalle!$A$2:$A$1370,"2f639739-object_1",Detalle!$B$2:$B$1370,$A8,Detalle!$C$2:$C$1370,$B8) -> 8656 | E8: =SUMIFS(Detalle!$I$2:$I$1370,Detalle!$A$2:$A$1370,"5dc9e0d5-object_0",Detalle!$B$2:$B$1370,$A8,Detalle!$C$2:$C$1370,$B8) -> 8996 | F8: =SUMIFS(Detalle!$I$2:$I$1370,Detalle!$A$2:$A$1370,"a501b501-object_3",Detalle!$B$2:$B$1370,$A8,Detalle!$C$2:$C$1370,$B8) -> 5472 | G8: =SUMIFS(Detalle!$I$2:$I$1370,Detalle!$A$2:$A$1370,"2b65e967-object_0-1",Detalle!$B$2:$B$1370,$A8,Detalle!$C$2:$C$1370,$B8) -> 9733 | H8: =SUMIFS(Detalle!$I$2:$I$1370,Detalle!$A$2:$A$1370,"5ed925a3-object_2",Detalle!$B$2:$B$1370,$A8,Detalle!$C$2:$C$1370,$B8) -> 7548 | I8: =SUMIFS(Detalle!$I$2:$I$1370,Detalle!$A$2:$A$1370,"70ef0058-object_0",Detalle!$B$2:$B$1370,$A8,Detalle!$C$2:$C$1370,$B8) -> 9014 | J8: =SUMIFS(Detalle!$I$2:$I$1370,Detalle!$A$2:$A$1370,"80c13944-object_3",Detalle!$B$2:$B$1370,$A8,Detalle!$C$2:$C$1370,$B8) -> 9848 | K8: =SUMIFS(Detalle!$I$2:$I$1370,Detalle!$A$2:$A$1370,"fba550bc-object_1",Detalle!$B$2:$B$1370,$A8,Detalle!$C$2:$C$1370,$B8) -> 9289 | L8: =SUMIFS(Detalle!$I$2:$I$1370,Detalle!$A$2:$A$1370,"38448021-object_5",Detalle!$B$2:$B$1370,$A8,Detalle!$C$2:$C$1370,$B8) -> 14198 | M8: =SUMIFS(Detalle!$I$2:$I$1370,Detalle!$A$2:$A$1370,"6e95d62d-object_4",Detalle!$B$2:$B$1370,$A8,Detalle!$C$2:$C$1370,$B8) -> 11738
A9: general | B9: vértices (soldados) | C9: =SUMIFS(Detalle!$I$2:$I$1370,Detalle!$A$2:$A$1370,"2a3facb9-object_2",Detalle!$B$2:$B$1370,$A9,Detalle!$C$2:$C$1370,$B9) -> 3841 | D9: =SUMIFS(Detalle!$I$2:$I$1370,Detalle!$A$2:$A$1370,"2f639739-object_1",Detalle!$B$2:$B$1370,$A9,Detalle!$C$2:$C$1370,$B9) -> 4328 | E9: =SUMIFS(Detalle!$I$2:$I$1370,Detalle!$A$2:$A$1370,"5dc9e0d5-object_0",Detalle!$B$2:$B$1370,$A9,Detalle!$C$2:$C$1370,$B9) -> 4493 | F9: =SUMIFS(Detalle!$I$2:$I$1370,Detalle!$A$2:$A$1370,"a501b501-object_3",Detalle!$B$2:$B$1370,$A9,Detalle!$C$2:$C$1370,$B9) -> 2736 | G9: =SUMIFS(Detalle!$I$2:$I$1370,Detalle!$A$2:$A$1370,"2b65e967-object_0-1",Detalle!$B$2:$B$1370,$A9,Detalle!$C$2:$C$1370,$B9) -> 4861 | H9: =SUMIFS(Detalle!$I$2:$I$1370,Detalle!$A$2:$A$1370,"5ed925a3-object_2",Detalle!$B$2:$B$1370,$A9,Detalle!$C$2:$C$1370,$B9) -> 3773 | I9: =SUMIFS(Detalle!$I$2:$I$1370,Detalle!$A$2:$A$1370,"70ef0058-object_0",Detalle!$B$2:$B$1370,$A9,Detalle!$C$2:$C$1370,$B9) -> 4505 | J9: =SUMIFS(Detalle!$I$2:$I$1370,Detalle!$A$2:$A$1370,"80c13944-object_3",Detalle!$B$2:$B$1370,$A9,Detalle!$C$2:$C$1370,$B9) -> 4922 | K9: =SUMIFS(Detalle!$I$2:$I$1370,Detalle!$A$2:$A$1370,"fba550bc-object_1",Detalle!$B$2:$B$1370,$A9,Detalle!$C$2:$C$1370,$B9) -> 4641 | L9: =SUMIFS(Detalle!$I$2:$I$1370,Detalle!$A$2:$A$1370,"38448021-object_5",Detalle!$B$2:$B$1370,$A9,Detalle!$C$2:$C$1370,$B9) -> 7101 | M9: =SUMIFS(Detalle!$I$2:$I$1370,Detalle!$A$2:$A$1370,"6e95d62d-object_4",Detalle!$B$2:$B$1370,$A9,Detalle!$C$2:$C$1370,$B9) -> 5871
A10: general | B10: área de superficie (u²) | C10: =SUMIFS(Detalle!$I$2:$I$1370,Detalle!$A$2:$A$1370,"2a3facb9-object_2",Detalle!$B$2:$B$1370,$A10,Detalle!$C$2:$C$1370,$B10) -> 1.52798 | D10: =SUMIFS(Detalle!$I$2:$I$1370,Detalle!$A$2:$A$1370,"2f639739-object_1",Detalle!$B$2:$B$1370,$A10,Detalle!$C$2:$C$1370,$B10) -> 1.60298 | E10: =SUMIFS(Detalle!$I$2:$I$1370,Detalle!$A$2:$A$1370,"5dc9e0d5-object_0",Detalle!$B$2:$B$1370,$A10,Detalle!$C$2:$C$1370,$B10) -> 1.52378 | F10: =SUMIFS(Detalle!$I$2:$I$1370,Detalle!$A$2:$A$1370,"a501b501-object_3",Detalle!$B$2:$B$1370,$A10,Detalle!$C$2:$C$1370,$B10) -> 0.95616 | G10: =SUMIFS(Detalle!$I$2:$I$1370,Detalle!$A$2:$A$1370,"2b65e967-object_0-1",Detalle!$B$2:$B$1370,$A10,Detalle!$C$2:$C$1370,$B10) -> 1.68257 | H10: =SUMIFS(Detalle!$I$2:$I$1370,Detalle!$A$2:$A$1370,"5ed925a3-object_2",Detalle!$B$2:$B$1370,$A10,Detalle!$C$2:$C$1370,$B10) -> 1.44833 | I10: =SUMIFS(Detalle!$I$2:$I$1370,Detalle!$A$2:$A$1370,"70ef0058-object_0",Detalle!$B$2:$B$1370,$A10,Detalle!$C$2:$C$1370,$B10) -> 1.69059 | J10: =SUMIFS(Detalle!$I$2:$I$1370,Detalle!$A$2:$A$1370,"80c13944-object_3",Detalle!$B$2:$B$1370,$A10,Detalle!$C$2:$C$1370,$B10) -> 1.66565 | K10: =SUMIFS(Detalle!$I$2:$I$1370,Detalle!$A$2:$A$1370,"fba550bc-object_1",Detalle!$B$2:$B$1370,$A10,Detalle!$C$2:$C$1370,$B10) -> 1.59836 | L10: =SUMIFS(Detalle!$I$2:$I$1370,Detalle!$A$2:$A$1370,"38448021-object_5",Detalle!$B$2:$B$1370,$A10,Detalle!$C$2:$C$1370,$B10) -> 2.9149 | M10: =SUMIFS(Detalle!$I$2:$I$1370,Detalle!$A$2:$A$1370,"6e95d62d-object_4",Detalle!$B$2:$B$1370,$A10,Detalle!$C$2:$C$1370,$B10) -> 3.05969
A11: general | B11: volumen aprox (u³) | C11: =SUMIFS(Detalle!$I$2:$I$1370,Detalle!$A$2:$A$1370,"2a3facb9-object_2",Detalle!$B$2:$B$1370,$A11,Detalle!$C$2:$C$1370,$B11) -> 0.05452 | D11: =SUMIFS(Detalle!$I$2:$I$1370,Detalle!$A$2:$A$1370,"2f639739-object_1",Detalle!$B$2:$B$1370,$A11,Detalle!$C$2:$C$1370,$B11) -> 0.06099 | E11: =SUMIFS(Detalle!$I$2:$I$1370,Detalle!$A$2:$A$1370,"5dc9e0d5-object_0",Detalle!$B$2:$B$1370,$A11,Detalle!$C$2:$C$1370,$B11) -> 0.05615 | F11: =SUMIFS(Detalle!$I$2:$I$1370,Detalle!$A$2:$A$1370,"a501b501-object_3",Detalle!$B$2:$B$1370,$A11,Detalle!$C$2:$C$1370,$B11) -> 0.02755 | G11: =SUMIFS(Detalle!$I$2:$I$1370,Detalle!$A$2:$A$1370,"2b65e967-object_0-1",Detalle!$B$2:$B$1370,$A11,Detalle!$C$2:$C$1370,$B11) -> 0.05312 | H11: =SUMIFS(Detalle!$I$2:$I$1370,Detalle!$A$2:$A$1370,"5ed925a3-object_2",Detalle!$B$2:$B$1370,$A11,Detalle!$C$2:$C$1370,$B11) -> 0.05484 | I11: =SUMIFS(Detalle!$I$2:$I$1370,Detalle!$A$2:$A$1370,"70ef0058-object_0",Detalle!$B$2:$B$1370,$A11,Detalle!$C$2:$C$1370,$B11) -> 0.06921 | J11: =SUMIFS(Detalle!$I$2:$I$1370,Detalle!$A$2:$A$1370,"80c13944-object_3",Detalle!$B$2:$B$1370,$A11,Detalle!$C$2:$C$1370,$B11) -> 0.05386 | K11: =SUMIFS(Detalle!$I$2:$I$1370,Detalle!$A$2:$A$1370,"fba550bc-object_1",Detalle!$B$2:$B$1370,$A11,Detalle!$C$2:$C$1370,$B11) -> 0.05682 | L11: =SUMIFS(Detalle!$I$2:$I$1370,Detalle!$A$2:$A$1370,"38448021-object_5",Detalle!$B$2:$B$1370,$A11,Detalle!$C$2:$C$1370,$B11) -> 0.20608 | M11: =SUMIFS(Detalle!$I$2:$I$1370,Detalle!$A$2:$A$1370,"6e95d62d-object_4",Detalle!$B$2:$B$1370,$A11,Detalle!$C$2:$C$1370,$B11) -> 0.25498
A12: color | B12: % superficie calido | C12: =SUMIFS(Detalle!$I$2:$I$1370,Detalle!$A$2:$A$1370,"2a3facb9-object_2",Detalle!$B$2:$B$1370,$A12,Detalle!$C$2:$C$1370,$B12) -> 50.94077 | D12: =SUMIFS(Detalle!$I$2:$I$1370,Detalle!$A$2:$A$1370,"2f639739-object_1",Detalle!$B$2:$B$1370,$A12,Detalle!$C$2:$C$1370,$B12) -> 57.74323 | E12: =SUMIFS(Detalle!$I$2:$I$1370,Detalle!$A$2:$A$1370,"5dc9e0d5-object_0",Detalle!$B$2:$B$1370,$A12,Detalle!$C$2:$C$1370,$B12) -> 54.33839 | F12: =SUMIFS(Detalle!$I$2:$I$1370,Detalle!$A$2:$A$1370,"a501b501-object_3",Detalle!$B$2:$B$1370,$A12,Detalle!$C$2:$C$1370,$B12) -> 58.90568 | G12: =SUMIFS(Detalle!$I$2:$I$1370,Detalle!$A$2:$A$1370,"2b65e967-object_0-1",Detalle!$B$2:$B$1370,$A12,Detalle!$C$2:$C$1370,$B12) -> 53.29167 | H12: =SUMIFS(Detalle!$I$2:$I$1370,Detalle!$A$2:$A$1370,"5ed925a3-object_2",Detalle!$B$2:$B$1370,$A12,Detalle!$C$2:$C$1370,$B12) -> 56.83707 | I12: =SUMIFS(Detalle!$I$2:$I$1370,Detalle!$A$2:$A$1370,"70ef0058-object_0",Detalle!$B$2:$B$1370,$A12,Detalle!$C$2:$C$1370,$B12) -> 59.15974 | J12: =SUMIFS(Detalle!$I$2:$I$1370,Detalle!$A$2:$A$1370,"80c13944-object_3",Detalle!$B$2:$B$1370,$A12,Detalle!$C$2:$C$1370,$B12) -> 54.69215 | K12: =SUMIFS(Detalle!$I$2:$I$1370,Detalle!$A$2:$A$1370,"fba550bc-object_1",Detalle!$B$2:$B$1370,$A12,Detalle!$C$2:$C$1370,$B12) -> 63.07858 | L12: =SUMIFS(Detalle!$I$2:$I$1370,Detalle!$A$2:$A$1370,"38448021-object_5",Detalle!$B$2:$B$1370,$A12,Detalle!$C$2:$C$1370,$B12) -> 83.42761 | M12: =SUMIFS(Detalle!$I$2:$I$1370,Detalle!$A$2:$A$1370,"6e95d62d-object_4",Detalle!$B$2:$B$1370,$A12,Detalle!$C$2:$C$1370,$B12) -> 91.39934
A13: color | B13: % superficie blanco | C13: =SUMIFS(Detalle!$I$2:$I$1370,Detalle!$A$2:$A$1370,"2a3facb9-object_2",Detalle!$B$2:$B$1370,$A13,Detalle!$C$2:$C$1370,$B13) -> 10.21058 | D13: =SUMIFS(Detalle!$I$2:$I$1370,Detalle!$A$2:$A$1370,"2f639739-object_1",Detalle!$B$2:$B$1370,$A13,Detalle!$C$2:$C$1370,$B13) -> 10.26021 | E13: =SUMIFS(Detalle!$I$2:$I$1370,Detalle!$A$2:$A$1370,"5dc9e0d5-object_0",Detalle!$B$2:$B$1370,$A13,Detalle!$C$2:$C$1370,$B13) -> 9.86556 | F13: =SUMIFS(Detalle!$I$2:$I$1370,Detalle!$A$2:$A$1370,"a501b501-object_3",Detalle!$B$2:$B$1370,$A13,Detalle!$C$2:$C$1370,$B13) -> 10.47675 | G13: =SUMIFS(Detalle!$I$2:$I$1370,Detalle!$A$2:$A$1370,"2b65e967-object_0-1",Detalle!$B$2:$B$1370,$A13,Detalle!$C$2:$C$1370,$B13) -> 7.16016 | H13: =SUMIFS(Detalle!$I$2:$I$1370,Detalle!$A$2:$A$1370,"5ed925a3-object_2",Detalle!$B$2:$B$1370,$A13,Detalle!$C$2:$C$1370,$B13) -> 7.76347 | I13: =SUMIFS(Detalle!$I$2:$I$1370,Detalle!$A$2:$A$1370,"70ef0058-object_0",Detalle!$B$2:$B$1370,$A13,Detalle!$C$2:$C$1370,$B13) -> 8.06698 | J13: =SUMIFS(Detalle!$I$2:$I$1370,Detalle!$A$2:$A$1370,"80c13944-object_3",Detalle!$B$2:$B$1370,$A13,Detalle!$C$2:$C$1370,$B13) -> 7.19519 | K13: =SUMIFS(Detalle!$I$2:$I$1370,Detalle!$A$2:$A$1370,"fba550bc-object_1",Detalle!$B$2:$B$1370,$A13,Detalle!$C$2:$C$1370,$B13) -> 7.8189 | L13: =SUMIFS(Detalle!$I$2:$I$1370,Detalle!$A$2:$A$1370,"38448021-object_5",Detalle!$B$2:$B$1370,$A13,Detalle!$C$2:$C$1370,$B13) -> 7.13803 | M13: =SUMIFS(Detalle!$I$2:$I$1370,Detalle!$A$2:$A$1370,"6e95d62d-object_4",Detalle!$B$2:$B$1370,$A13,Detalle!$C$2:$C$1370,$B13) -> 0
A14: color | B14: % superficie oscuro | C14: =SUMIFS(Detalle!$I$2:$I$1370,Detalle!$A$2:$A$1370,"2a3facb9-object_2",Detalle!$B$2:$B$1370,$A14,Detalle!$C$2:$C$1370,$B14) -> 29.81625 | D14: =SUMIFS(Detalle!$I$2:$I$1370,Detalle!$A$2:$A$1370,"2f639739-object_1",Detalle!$B$2:$B$1370,$A14,Detalle!$C$2:$C$1370,$B14) -> 25.94493 | E14: =SUMIFS(Detalle!$I$2:$I$1370,Detalle!$A$2:$A$1370,"5dc9e0d5-object_0",Detalle!$B$2:$B$1370,$A14,Detalle!$C$2:$C$1370,$B14) -> 31.75727 | F14: =SUMIFS(Detalle!$I$2:$I$1370,Detalle!$A$2:$A$1370,"a501b501-object_3",Detalle!$B$2:$B$1370,$A14,Detalle!$C$2:$C$1370,$B14) -> 17.55764 | G14: =SUMIFS(Detalle!$I$2:$I$1370,Detalle!$A$2:$A$1370,"2b65e967-object_0-1",Detalle!$B$2:$B$1370,$A14,Detalle!$C$2:$C$1370,$B14) -> 30.7105 | H14: =SUMIFS(Detalle!$I$2:$I$1370,Detalle!$A$2:$A$1370,"5ed925a3-object_2",Detalle!$B$2:$B$1370,$A14,Detalle!$C$2:$C$1370,$B14) -> 26.12954 | I14: =SUMIFS(Detalle!$I$2:$I$1370,Detalle!$A$2:$A$1370,"70ef0058-object_0",Detalle!$B$2:$B$1370,$A14,Detalle!$C$2:$C$1370,$B14) -> 25.89858 | J14: =SUMIFS(Detalle!$I$2:$I$1370,Detalle!$A$2:$A$1370,"80c13944-object_3",Detalle!$B$2:$B$1370,$A14,Detalle!$C$2:$C$1370,$B14) -> 28.93641 | K14: =SUMIFS(Detalle!$I$2:$I$1370,Detalle!$A$2:$A$1370,"fba550bc-object_1",Detalle!$B$2:$B$1370,$A14,Detalle!$C$2:$C$1370,$B14) -> 22.05436 | L14: =SUMIFS(Detalle!$I$2:$I$1370,Detalle!$A$2:$A$1370,"38448021-object_5",Detalle!$B$2:$B$1370,$A14,Detalle!$C$2:$C$1370,$B14) -> 9.15431 | M14: =SUMIFS(Detalle!$I$2:$I$1370,Detalle!$A$2:$A$1370,"6e95d62d-object_4",Detalle!$B$2:$B$1370,$A14,Detalle!$C$2:$C$1370,$B14) -> 8.60066
A15: color | B15: % superficie azul | C15: =SUMIFS(Detalle!$I$2:$I$1370,Detalle!$A$2:$A$1370,"2a3facb9-object_2",Detalle!$B$2:$B$1370,$A15,Detalle!$C$2:$C$1370,$B15) -> 9.0324 | D15: =SUMIFS(Detalle!$I$2:$I$1370,Detalle!$A$2:$A$1370,"2f639739-object_1",Detalle!$B$2:$B$1370,$A15,Detalle!$C$2:$C$1370,$B15) -> 6.05163 | E15: =SUMIFS(Detalle!$I$2:$I$1370,Detalle!$A$2:$A$1370,"5dc9e0d5-object_0",Detalle!$B$2:$B$1370,$A15,Detalle!$C$2:$C$1370,$B15) -> 4.03878 | F15: =SUMIFS(Detalle!$I$2:$I$1370,Detalle!$A$2:$A$1370,"a501b501-object_3",Detalle!$B$2:$B$1370,$A15,Detalle!$C$2:$C$1370,$B15) -> 13.05993 | G15: =SUMIFS(Detalle!$I$2:$I$1370,Detalle!$A$2:$A$1370,"2b65e967-object_0-1",Detalle!$B$2:$B$1370,$A15,Detalle!$C$2:$C$1370,$B15) -> 8.83768 | H15: =SUMIFS(Detalle!$I$2:$I$1370,Detalle!$A$2:$A$1370,"5ed925a3-object_2",Detalle!$B$2:$B$1370,$A15,Detalle!$C$2:$C$1370,$B15) -> 9.26993 | I15: =SUMIFS(Detalle!$I$2:$I$1370,Detalle!$A$2:$A$1370,"70ef0058-object_0",Detalle!$B$2:$B$1370,$A15,Detalle!$C$2:$C$1370,$B15) -> 6.8747 | J15: =SUMIFS(Detalle!$I$2:$I$1370,Detalle!$A$2:$A$1370,"80c13944-object_3",Detalle!$B$2:$B$1370,$A15,Detalle!$C$2:$C$1370,$B15) -> 9.17625 | K15: =SUMIFS(Detalle!$I$2:$I$1370,Detalle!$A$2:$A$1370,"fba550bc-object_1",Detalle!$B$2:$B$1370,$A15,Detalle!$C$2:$C$1370,$B15) -> 7.04816 | L15: =SUMIFS(Detalle!$I$2:$I$1370,Detalle!$A$2:$A$1370,"38448021-object_5",Detalle!$B$2:$B$1370,$A15,Detalle!$C$2:$C$1370,$B15) -> 0.28005 | M15: =SUMIFS(Detalle!$I$2:$I$1370,Detalle!$A$2:$A$1370,"6e95d62d-object_4",Detalle!$B$2:$B$1370,$A15,Detalle!$C$2:$C$1370,$B15) -> 0
A16: cabeza | B16: altura del cuello de camisa / base de cabeza | C16: =SUMIFS(Detalle!$I$2:$I$1370,Detalle!$A$2:$A$1370,"2a3facb9-object_2",Detalle!$B$2:$B$1370,$A16,Detalle!$C$2:$C$1370,$B16) -> 53.200477 | D16: =SUMIFS(Detalle!$I$2:$I$1370,Detalle!$A$2:$A$1370,"2f639739-object_1",Detalle!$B$2:$B$1370,$A16,Detalle!$C$2:$C$1370,$B16) -> 50.350352 | E16: =SUMIFS(Detalle!$I$2:$I$1370,Detalle!$A$2:$A$1370,"5dc9e0d5-object_0",Detalle!$B$2:$B$1370,$A16,Detalle!$C$2:$C$1370,$B16) -> 51.299838 | F16: =SUMIFS(Detalle!$I$2:$I$1370,Detalle!$A$2:$A$1370,"a501b501-object_3",Detalle!$B$2:$B$1370,$A16,Detalle!$C$2:$C$1370,$B16) -> 37.99962 | G16: =SUMIFS(Detalle!$I$2:$I$1370,Detalle!$A$2:$A$1370,"2b65e967-object_0-1",Detalle!$B$2:$B$1370,$A16,Detalle!$C$2:$C$1370,$B16) -> 53.200343 | H16: =SUMIFS(Detalle!$I$2:$I$1370,Detalle!$A$2:$A$1370,"5ed925a3-object_2",Detalle!$B$2:$B$1370,$A16,Detalle!$C$2:$C$1370,$B16) -> 52.250285 | I16: =SUMIFS(Detalle!$I$2:$I$1370,Detalle!$A$2:$A$1370,"70ef0058-object_0",Detalle!$B$2:$B$1370,$A16,Detalle!$C$2:$C$1370,$B16) -> 48.4502 | J16: =SUMIFS(Detalle!$I$2:$I$1370,Detalle!$A$2:$A$1370,"80c13944-object_3",Detalle!$B$2:$B$1370,$A16,Detalle!$C$2:$C$1370,$B16) -> 53.200419 | K16: =SUMIFS(Detalle!$I$2:$I$1370,Detalle!$A$2:$A$1370,"fba550bc-object_1",Detalle!$B$2:$B$1370,$A16,Detalle!$C$2:$C$1370,$B16) -> 53.20038 | L16: =SUMIFS(Detalle!$I$2:$I$1370,Detalle!$A$2:$A$1370,"38448021-object_5",Detalle!$B$2:$B$1370,$A16,Detalle!$C$2:$C$1370,$B16) -> 29.449744 | M16: =SUMIFS(Detalle!$I$2:$I$1370,Detalle!$A$2:$A$1370,"6e95d62d-object_4",Detalle!$B$2:$B$1370,$A16,Detalle!$C$2:$C$1370,$B16) -> 0
... A37: cabeza | B37: contorno a 50% de la cabeza | C37: =SUMIFS(Detalle!$I$2:$I$1370,Detalle!$A$2:$A$1370,"2a3facb9-object_2",Detalle!$B$2:$B$1370,$A37,Detalle!$C$2:$C$1370,$B37) -> 168.23237 | D37: =SUMIFS(Detalle!$I$2:$I$1370,Detalle!$A$2:$A$1370,"2f639739-object_1",Detalle!$B$2:$B$1370,$A37,Detalle!$C$2:$C$1370,$B37) -> 167.90656 | E37: =SUMIFS(Detalle!$I$2:$I$1370,Detalle!$A$2:$A$1370,"5dc9e0d5-object_0",Detalle!$B$2:$B$1370,$A37,Detalle!$C$2:$C$1370,$B37) -> 157.5187 | F37: =SUMIFS(Detalle!$I$2:$I$1370,Detalle!$A$2:$A$1370,"a501b501-object_3",Detalle!$B$2:$B$1370,$A37,Detalle!$C$2:$C$1370,$B37) -> 104.94735 | G37: =SUMIFS(Detalle!$I$2:$I$1370,Detalle!$A$2:$A$1370,"2b65e967-object_0-1",Detalle!$B$2:$B$1370,$A37,Detalle!$C$2:$C$1370,$B37) -> 176.25024 | H37: =SUMIFS(Detalle!$I$2:$I$1370,Detalle!$A$2:$A$1370,"5ed925a3-object_2",Detalle!$B$2:$B$1370,$A37,Detalle!$C$2:$C$1370,$B37) -> 154.20009 | I37: =SUMIFS(Detalle!$I$2:$I$1370,Detalle!$A$2:$A$1370,"70ef0058-object_0",Detalle!$B$2:$B$1370,$A37,Detalle!$C$2:$C$1370,$B37) -> 179.46462 | J37: =SUMIFS(Detalle!$I$2:$I$1370,Detalle!$A$2:$A$1370,"80c13944-object_3",Detalle!$B$2:$B$1370,$A37,Detalle!$C$2:$C$1370,$B37) -> 188.99811 | K37: =SUMIFS(Detalle!$I$2:$I$1370,Detalle!$A$2:$A$1370,"fba550bc-object_1",Detalle!$B$2:$B$1370,$A37,Detalle!$C$2:$C$1370,$B37) -> 186.6909 | L37: =SUMIFS(Detalle!$I$2:$I$1370,Detalle!$A$2:$A$1370,"38448021-object_5",Detalle!$B$2:$B$1370,$A37,Detalle!$C$2:$C$1370,$B37) -> 320.94854 | M37: =SUMIFS(Detalle!$I$2:$I$1370,Detalle!$A$2:$A$1370,"6e95d62d-object_4",Detalle!$B$2:$B$1370,$A37,Detalle!$C$2:$C$1370,$B37) -> 726.18446
A38: cabeza | B38: ancho a 75% de la cabeza | C38: =SUMIFS(Detalle!$I$2:$I$1370,Detalle!$A$2:$A$1370,"2a3facb9-object_2",Detalle!$B$2:$B$1370,$A38,Detalle!$C$2:$C$1370,$B38) -> 39.581926 | D38: =SUMIFS(Detalle!$I$2:$I$1370,Detalle!$A$2:$A$1370,"2f639739-object_1",Detalle!$B$2:$B$1370,$A38,Detalle!$C$2:$C$1370,$B38) -> 35.801034 | E38: =SUMIFS(Detalle!$I$2:$I$1370,Detalle!$A$2:$A$1370,"5dc9e0d5-object_0",Detalle!$B$2:$B$1370,$A38,Detalle!$C$2:$C$1370,$B38) -> 43.596641 | G38: =SUMIFS(Detalle!$I$2:$I$1370,Detalle!$A$2:$A$1370,"2b65e967-object_0-1",Detalle!$B$2:$B$1370,$A38,Detalle!$C$2:$C$1370,$B38) -> 42.479528 | H38: =SUMIFS(Detalle!$I$2:$I$1370,Detalle!$A$2:$A$1370,"5ed925a3-object_2",Detalle!$B$2:$B$1370,$A38,Detalle!$C$2:$C$1370,$B38) -> 35.487589 | I38: =SUMIFS(Detalle!$I$2:$I$1370,Detalle!$A$2:$A$1370,"70ef0058-object_0",Detalle!$B$2:$B$1370,$A38,Detalle!$C$2:$C$1370,$B38) -> 48.276226 | J38: =SUMIFS(Detalle!$I$2:$I$1370,Detalle!$A$2:$A$1370,"80c13944-object_3",Detalle!$B$2:$B$1370,$A38,Detalle!$C$2:$C$1370,$B38) -> 40.598641 | K38: =SUMIFS(Detalle!$I$2:$I$1370,Detalle!$A$2:$A$1370,"fba550bc-object_1",Detalle!$B$2:$B$1370,$A38,Detalle!$C$2:$C$1370,$B38) -> 33.934207 | L38: =SUMIFS(Detalle!$I$2:$I$1370,Detalle!$A$2:$A$1370,"38448021-object_5",Detalle!$B$2:$B$1370,$A38,Detalle!$C$2:$C$1370,$B38) -> 78.105222 | M38: =SUMIFS(Detalle!$I$2:$I$1370,Detalle!$A$2:$A$1370,"6e95d62d-object_4",Detalle!$B$2:$B$1370,$A38,Detalle!$C$2:$C$1370,$B38) -> 118.1401
A39: cabeza | B39: fondo a 75% de la cabeza | C39: =SUMIFS(Detalle!$I$2:$I$1370,Detalle!$A$2:$A$1370,"2a3facb9-object_2",Detalle!$B$2:$B$1370,$A39,Detalle!$C$2:$C$1370,$B39) -> 28.748287 | D39: =SUMIFS(Detalle!$I$2:$I$1370,Detalle!$A$2:$A$1370,"2f639739-object_1",Detalle!$B$2:$B$1370,$A39,Detalle!$C$2:$C$1370,$B39) -> 39.599282 | E39: =SUMIFS(Detalle!$I$2:$I$1370,Detalle!$A$2:$A$1370,"5dc9e0d5-object_0",Detalle!$B$2:$B$1370,$A39,Detalle!$C$2:$C$1370,$B39) -> 33.565232 | G39: =SUMIFS(Detalle!$I$2:$I$1370,Detalle!$A$2:$A$1370,"2b65e967-object_0-1",Detalle!$B$2:$B$1370,$A39,Detalle!$C$2:$C$1370,$B39) -> 30.896972 | H39: =SUMIFS(Detalle!$I$2:$I$1370,Detalle!$A$2:$A$1370,"5ed925a3-object_2",Detalle!$B$2:$B$1370,$A39,Detalle!$C$2:$C$1370,$B39) -> 30.843626 | I39: =SUMIFS(Detalle!$I$2:$I$1370,Detalle!$A$2:$A$1370,"70ef0058-object_0",Detalle!$B$2:$B$1370,$A39,Detalle!$C$2:$C$1370,$B39) -> 33.674809 | J39: =SUMIFS(Detalle!$I$2:$I$1370,Detalle!$A$2:$A$1370,"80c13944-object_3",Detalle!$B$2:$B$1370,$A39,Detalle!$C$2:$C$1370,$B39) -> 32.407294 | K39: =SUMIFS(Detalle!$I$2:$I$1370,Detalle!$A$2:$A$1370,"fba550bc-object_1",Detalle!$B$2:$B$1370,$A39,Detalle!$C$2:$C$1370,$B39) -> 39.526692 | L39: =SUMIFS(Detalle!$I$2:$I$1370,Detalle!$A$2:$A$1370,"38448021-object_5",Detalle!$B$2:$B$1370,$A39,Detalle!$C$2:$C$1370,$B39) -> 60.423028 | M39: =SUMIFS(Detalle!$I$2:$I$1370,Detalle!$A$2:$A$1370,"6e95d62d-object_4",Detalle!$B$2:$B$1370,$A39,Detalle!$C$2:$C$1370,$B39) -> 120.18103
A40: cabeza | B40: contorno a 75% de la cabeza | C40: =SUMIFS(Detalle!$I$2:$I$1370,Detalle!$A$2:$A$1370,"2a3facb9-object_2",Detalle!$B$2:$B$1370,$A40,Detalle!$C$2:$C$1370,$B40) -> 145.45233 | D40: =SUMIFS(Detalle!$I$2:$I$1370,Detalle!$A$2:$A$1370,"2f639739-object_1",Detalle!$B$2:$B$1370,$A40,Detalle!$C$2:$C$1370,$B40) -> 132.13218 | E40: =SUMIFS(Detalle!$I$2:$I$1370,Detalle!$A$2:$A$1370,"5dc9e0d5-object_0",Detalle!$B$2:$B$1370,$A40,Detalle!$C$2:$C$1370,$B40) -> 148.47378 | G40: =SUMIFS(Detalle!$I$2:$I$1370,Detalle!$A$2:$A$1370,"2b65e967-object_0-1",Detalle!$B$2:$B$1370,$A40,Detalle!$C$2:$C$1370,$B40) -> 161.85965 | H40: =SUMIFS(Detalle!$I$2:$I$1370,Detalle!$A$2:$A$1370,"5ed925a3-object_2",Detalle!$B$2:$B$1370,$A40,Detalle!$C$2:$C$1370,$B40) -> 136.61056 | I40: =SUMIFS(Detalle!$I$2:$I$1370,Detalle!$A$2:$A$1370,"70ef0058-object_0",Detalle!$B$2:$B$1370,$A40,Detalle!$C$2:$C$1370,$B40) -> 179.46082 | J40: =SUMIFS(Detalle!$I$2:$I$1370,Detalle!$A$2:$A$1370,"80c13944-object_3",Detalle!$B$2:$B$1370,$A40,Detalle!$C$2:$C$1370,$B40) -> 153.43656 | K40: =SUMIFS(Detalle!$I$2:$I$1370,Detalle!$A$2:$A$1370,"fba550bc-object_1",Detalle!$B$2:$B$1370,$A40,Detalle!$C$2:$C$1370,$B40) -> 161.36834 | L40: =SUMIFS(Detalle!$I$2:$I$1370,Detalle!$A$2:$A$1370,"38448021-object_5",Detalle!$B$2:$B$1370,$A40,Detalle!$C$2:$C$1370,$B40) -> 271.42396 | M40: =SUMIFS(Detalle!$I$2:$I$1370,Detalle!$A$2:$A$1370,"6e95d62d-object_4",Detalle!$B$2:$B$1370,$A40,Detalle!$C$2:$C$1370,$B40) -> 692.69682
A41: orejas | B41: oreja izq altura centro | C41: =SUMIFS(Detalle!$I$2:$I$1370,Detalle!$A$2:$A$1370,"2a3facb9-object_2",Detalle!$B$2:$B$1370,$A41,Detalle!$C$2:$C$1370,$B41) -> 67.782769 | D41: =SUMIFS(Detalle!$I$2:$I$1370,Detalle!$A$2:$A$1370,"2f639739-object_1",Detalle!$B$2:$B$1370,$A41,Detalle!$C$2:$C$1370,$B41) -> 67.637189 | E41: =SUMIFS(Detalle!$I$2:$I$1370,Detalle!$A$2:$A$1370,"5dc9e0d5-object_0",Detalle!$B$2:$B$1370,$A41,Detalle!$C$2:$C$1370,$B41) -> 67.512072 | F41: =SUMIFS(Detalle!$I$2:$I$1370,Detalle!$A$2:$A$1370,"a501b501-object_3",Detalle!$B$2:$B$1370,$A41,Detalle!$C$2:$C$1370,$B41) -> 55.152648 | G41: =SUMIFS(Detalle!$I$2:$I$1370,Detalle!$A$2:$A$1370,"2b65e967-object_0-1",Detalle!$B$2:$B$1370,$A41,Detalle!$C$2:$C$1370,$B41) -> 67.758522 | H41: =SUMIFS(Detalle!$I$2:$I$1370,Detalle!$A$2:$A$1370,"5ed925a3-object_2",Detalle!$B$2:$B$1370,$A41,Detalle!$C$2:$C$1370,$B41) -> 67.608969 | I41: =SUMIFS(Detalle!$I$2:$I$1370,Detalle!$A$2:$A$1370,"70ef0058-object_0",Detalle!$B$2:$B$1370,$A41,Detalle!$C$2:$C$1370,$B41) -> 66.285813 | J41: =SUMIFS(Detalle!$I$2:$I$1370,Detalle!$A$2:$A$1370,"80c13944-object_3",Detalle!$B$2:$B$1370,$A41,Detalle!$C$2:$C$1370,$B41) -> 68.166936 | K41: =SUMIFS(Detalle!$I$2:$I$1370,Detalle!$A$2:$A$1370,"fba550bc-object_1",Detalle!$B$2:$B$1370,$A41,Detalle!$C$2:$C$1370,$B41) -> 68.761995 | L41: =SUMIFS(Detalle!$I$2:$I$1370,Detalle!$A$2:$A$1370,"38448021-object_5",Detalle!$B$2:$B$1370,$A41,Detalle!$C$2:$C$1370,$B41) -> 54.573922 | M41: =SUMIFS(Detalle!$I$2:$I$1370,Detalle!$A$2:$A$1370,"6e95d62d-object_4",Detalle!$B$2:$B$1370,$A41,Detalle!$C$2:$C$1370,$B41) -> 49.793329
A42: orejas | B42: oreja izq saliente X | C42: =SUMIFS(Detalle!$I$2:$I$1370,Detalle!$A$2:$A$1370,"2a3facb9-object_2",Detalle!$B$2:$B$1370,$A42,Detalle!$C$2:$C$1370,$B42) -> 24.832718 | D42: =SUMIFS(Detalle!$I$2:$I$1370,Detalle!$A$2:$A$1370,"2f639739-object_1",Detalle!$B$2:$B$1370,$A42,Detalle!$C$2:$C$1370,$B42) -> 24.60244 | E42: =SUMIFS(Detalle!$I$2:$I$1370,Detalle!$A$2:$A$1370,"5dc9e0d5-object_0",Detalle!$B$2:$B$1370,$A42,Detalle!$C$2:$C$1370,$B42) -> 26.570446 | F42: =SUMIFS(Detalle!$I$2:$I$1370,Detalle!$A$2:$A$1370,"a501b501-object_3",Detalle!$B$2:$B$1370,$A42,Detalle!$C$2:$C$1370,$B42) -> 15.310997 | G42: =SUMIFS(Detalle!$I$2:$I$1370,Detalle!$A$2:$A$1370,"2b65e967-object_0-1",Detalle!$B$2:$B$1370,$A42,Detalle!$C$2:$C$1370,$B42) -> 25.070463 | H42: =SUMIFS(Detalle!$I$2:$I$1370,Detalle!$A$2:$A$1370,"5ed925a3-object_2",Detalle!$B$2:$B$1370,$A42,Detalle!$C$2:$C$1370,$B42) -> 23.166657 | I42: =SUMIFS(Detalle!$I$2:$I$1370,Detalle!$A$2:$A$1370,"70ef0058-object_0",Detalle!$B$2:$B$1370,$A42,Detalle!$C$2:$C$1370,$B42) -> 27.973611 | J42: =SUMIFS(Detalle!$I$2:$I$1370,Detalle!$A$2:$A$1370,"80c13944-object_3",Detalle!$B$2:$B$1370,$A42,Detalle!$C$2:$C$1370,$B42) -> 24.612134 | K42: =SUMIFS(Detalle!$I$2:$I$1370,Detalle!$A$2:$A$1370,"fba550bc-object_1",Detalle!$B$2:$B$1370,$A42,Detalle!$C$2:$C$1370,$B42) -> 23.412768 | L42: =SUMIFS(Detalle!$I$2:$I$1370,Detalle!$A$2:$A$1370,"38448021-object_5",Detalle!$B$2:$B$1370,$A42,Detalle!$C$2:$C$1370,$B42) -> 45.792665 | M42: =SUMIFS(Detalle!$I$2:$I$1370,Detalle!$A$2:$A$1370,"6e95d62d-object_4",Detalle!$B$2:$B$1370,$A42,Detalle!$C$2:$C$1370,$B42) -> 63.353289
A43: orejas | B43: oreja der altura centro | C43: =SUMIFS(Detalle!$I$2:$I$1370,Detalle!$A$2:$A$1370,"2a3facb9-object_2",Detalle!$B$2:$B$1370,$A43,Detalle!$C$2:$C$1370,$B43) -> 68.45242 | D43: =SUMIFS(Detalle!$I$2:$I$1370,Detalle!$A$2:$A$1370,"2f639739-object_1",Detalle!$B$2:$B$1370,$A43,Detalle!$C$2:$C$1370,$B43) -> 66.225105 | E43: =SUMIFS(Detalle!$I$2:$I$1370,Detalle!$A$2:$A$1370,"5dc9e0d5-object_0",Detalle!$B$2:$B$1370,$A43,Detalle!$C$2:$C$1370,$B43) -> 67.586161 | F43: =SUMIFS(Detalle!$I$2:$I$1370,Detalle!$A$2:$A$1370,"a501b501-object_3",Detalle!$B$2:$B$1370,$A43,Detalle!$C$2:$C$1370,$B43) -> 56.407586 | G43: =SUMIFS(Detalle!$I$2:$I$1370,Detalle!$A$2:$A$1370,"2b65e967-object_0-1",Detalle!$B$2:$B$1370,$A43,Detalle!$C$2:$C$1370,$B43) -> 67.373834 | H43: =SUMIFS(Detalle!$I$2:$I$1370,Detalle!$A$2:$A$1370,"5ed925a3-object_2",Detalle!$B$2:$B$1370,$A43,Detalle!$C$2:$C$1370,$B43) -> 67.443792 | I43: =SUMIFS(Detalle!$I$2:$I$1370,Detalle!$A$2:$A$1370,"70ef0058-object_0",Detalle!$B$2:$B$1370,$A43,Detalle!$C$2:$C$1370,$B43) -> 66.312432 | J43: =SUMIFS(Detalle!$I$2:$I$1370,Detalle!$A$2:$A$1370,"80c13944-object_3",Detalle!$B$2:$B$1370,$A43,Detalle!$C$2:$C$1370,$B43) -> 68.929785 | K43: =SUMIFS(Detalle!$I$2:$I$1370,Detalle!$A$2:$A$1370,"fba550bc-object_1",Detalle!$B$2:$B$1370,$A43,Detalle!$C$2:$C$1370,$B43) -> 68.765798 | L43: =SUMIFS(Detalle!$I$2:$I$1370,Detalle!$A$2:$A$1370,"38448021-object_5",Detalle!$B$2:$B$1370,$A43,Detalle!$C$2:$C$1370,$B43) -> 53.778908 | M43: =SUMIFS(Detalle!$I$2:$I$1370,Detalle!$A$2:$A$1370,"6e95d62d-object_4",Detalle!$B$2:$B$1370,$A43,Detalle!$C$2:$C$1370,$B43) -> 47.425846
A44: orejas | B44: oreja der saliente X | C44: =SUMIFS(Detalle!$I$2:$I$1370,Detalle!$A$2:$A$1370,"2a3facb9-object_2",Detalle!$B$2:$B$1370,$A44,Detalle!$C$2:$C$1370,$B44) -> 24.296203 | D44: =SUMIFS(Detalle!$I$2:$I$1370,Detalle!$A$2:$A$1370,"2f639739-object_1",Detalle!$B$2:$B$1370,$A44,Detalle!$C$2:$C$1370,$B44) -> 21.729711 | E44: =SUMIFS(Detalle!$I$2:$I$1370,Detalle!$A$2:$A$1370,"5dc9e0d5-object_0",Detalle!$B$2:$B$1370,$A44,Detalle!$C$2:$C$1370,$B44) -> 24.784197 | F44: =SUMIFS(Detalle!$I$2:$I$1370,Detalle!$A$2:$A$1370,"a501b501-object_3",Detalle!$B$2:$B$1370,$A44,Detalle!$C$2:$C$1370,$B44) -> 15.99404 | G44: =SUMIFS(Detalle!$I$2:$I$1370,Detalle!$A$2:$A$1370,"2b65e967-object_0-1",Detalle!$B$2:$B$1370,$A44,Detalle!$C$2:$C$1370,$B44) -> 25.070463 | H44: =SUMIFS(Detalle!$I$2:$I$1370,Detalle!$A$2:$A$1370,"5ed925a3-object_2",Detalle!$B$2:$B$1370,$A44,Detalle!$C$2:$C$1370,$B44) -> 23.036603 | I44: =SUMIFS(Detalle!$I$2:$I$1370,Detalle!$A$2:$A$1370,"70ef0058-object_0",Detalle!$B$2:$B$1370,$A44,Detalle!$C$2:$C$1370,$B44) -> 29.034565 | J44: =SUMIFS(Detalle!$I$2:$I$1370,Detalle!$A$2:$A$1370,"80c13944-object_3",Detalle!$B$2:$B$1370,$A44,Detalle!$C$2:$C$1370,$B44) -> 24.612134 | K44: =SUMIFS(Detalle!$I$2:$I$1370,Detalle!$A$2:$A$1370,"fba550bc-object_1",Detalle!$B$2:$B$1370,$A44,Detalle!$C$2:$C$1370,$B44) -> 23.412768 | L44: =SUMIFS(Detalle!$I$2:$I$1370,Detalle!$A$2:$A$1370,"38448021-object_5",Detalle!$B$2:$B$1370,$A44,Detalle!$C$2:$C$1370,$B44) -> 43.026735 | M44: =SUMIFS(Detalle!$I$2:$I$1370,Detalle!$A$2:$A$1370,"6e95d62d-object_4",Detalle!$B$2:$B$1370,$A44,Detalle!$C$2:$C$1370,$B44) -> 63.830868
A45: chaleco | B45: borde superior (alto) | C45: =SUMIFS(Detalle!$I$2:$I$1370,Detalle!$A$2:$A$1370,"2a3facb9-object_2",Detalle!$B$2:$B$1370,$A45,Detalle!$C$2:$C$1370,$B45) -> 53.145832 | D45: =SUMIFS(Detalle!$I$2:$I$1370,Detalle!$A$2:$A$1370,"2f639739-object_1",Detalle!$B$2:$B$1370,$A45,Detalle!$C$2:$C$1370,$B45) -> 50.446523 | E45: =SUMIFS(Detalle!$I$2:$I$1370,Detalle!$A$2:$A$1370,"5dc9e0d5-object_0",Detalle!$B$2:$B$1370,$A45,Detalle!$C$2:$C$1370,$B45) -> 51.868189 | F45: =SUMIFS(Detalle!$I$2:$I$1370,Detalle!$A$2:$A$1370,"a501b501-object_3",Detalle!$B$2:$B$1370,$A45,Detalle!$C$2:$C$1370,$B45) -> 38.440416 | G45: =SUMIFS(Detalle!$I$2:$I$1370,Detalle!$A$2:$A$1370,"2b65e967-object_0-1",Detalle!$B$2:$B$1370,$A45,Detalle!$C$2:$C$1370,$B45) -> 53.735479 | H45: =SUMIFS(Detalle!$I$2:$I$1370,Detalle!$A$2:$A$1370,"5ed925a3-object_2",Detalle!$B$2:$B$1370,$A45,Detalle!$C$2:$C$1370,$B45) -> 52.23035 | I45: =SUMIFS(Detalle!$I$2:$I$1370,Detalle!$A$2:$A$1370,"70ef0058-object_0",Detalle!$B$2:$B$1370,$A45,Detalle!$C$2:$C$1370,$B45) -> 48.709734 | J45: =SUMIFS(Detalle!$I$2:$I$1370,Detalle!$A$2:$A$1370,"80c13944-object_3",Detalle!$B$2:$B$1370,$A45,Detalle!$C$2:$C$1370,$B45) -> 53.572796 | K45: =SUMIFS(Detalle!$I$2:$I$1370,Detalle!$A$2:$A$1370,"fba550bc-object_1",Detalle!$B$2:$B$1370,$A45,Detalle!$C$2:$C$1370,$B45) -> 53.595837 | L45: =SUMIFS(Detalle!$I$2:$I$1370,Detalle!$A$2:$A$1370,"38448021-object_5",Detalle!$B$2:$B$1370,$A45,Detalle!$C$2:$C$1370,$B45) -> 30.679784
A46: chaleco | B46: borde inferior (alto) | C46: =SUMIFS(Detalle!$I$2:$I$1370,Detalle!$A$2:$A$1370,"2a3facb9-object_2",Detalle!$B$2:$B$1370,$A46,Detalle!$C$2:$C$1370,$B46) -> 27.55007 | D46: =SUMIFS(Detalle!$I$2:$I$1370,Detalle!$A$2:$A$1370,"2f639739-object_1",Detalle!$B$2:$B$1370,$A46,Detalle!$C$2:$C$1370,$B46) -> 26.600114 | F46: =SUMIFS(Detalle!$I$2:$I$1370,Detalle!$A$2:$A$1370,"a501b501-object_3",Detalle!$B$2:$B$1370,$A46,Detalle!$C$2:$C$1370,$B46) -> 19.949801 | G46: =SUMIFS(Detalle!$I$2:$I$1370,Detalle!$A$2:$A$1370,"2b65e967-object_0-1",Detalle!$B$2:$B$1370,$A46,Detalle!$C$2:$C$1370,$B46) -> 29.449629 | H46: =SUMIFS(Detalle!$I$2:$I$1370,Detalle!$A$2:$A$1370,"5ed925a3-object_2",Detalle!$B$2:$B$1370,$A46,Detalle!$C$2:$C$1370,$B46) -> 30.400304 | I46: =SUMIFS(Detalle!$I$2:$I$1370,Detalle!$A$2:$A$1370,"70ef0058-object_0",Detalle!$B$2:$B$1370,$A46,Detalle!$C$2:$C$1370,$B46) -> 27.54961 | J46: =SUMIFS(Detalle!$I$2:$I$1370,Detalle!$A$2:$A$1370,"80c13944-object_3",Detalle!$B$2:$B$1370,$A46,Detalle!$C$2:$C$1370,$B46) -> 30.399695 | K46: =SUMIFS(Detalle!$I$2:$I$1370,Detalle!$A$2:$A$1370,"fba550bc-object_1",Detalle!$B$2:$B$1370,$A46,Detalle!$C$2:$C$1370,$B46) -> 27.549857
A47: chaleco | B47: largo vertical | C47: =SUMIFS(Detalle!$I$2:$I$1370,Detalle!$A$2:$A$1370,"2a3facb9-object_2",Detalle!$B$2:$B$1370,$A47,Detalle!$C$2:$C$1370,$B47) -> 25.595762 | D47: =SUMIFS(Detalle!$I$2:$I$1370,Detalle!$A$2:$A$1370,"2f639739-object_1",Detalle!$B$2:$B$1370,$A47,Detalle!$C$2:$C$1370,$B47) -> 23.846408 | F47: =SUMIFS(Detalle!$I$2:$I$1370,Detalle!$A$2:$A$1370,"a501b501-object_3",Detalle!$B$2:$B$1370,$A47,Detalle!$C$2:$C$1370,$B47) -> 18.490615 | G47: =SUMIFS(Detalle!$I$2:$I$1370,Detalle!$A$2:$A$1370,"2b65e967-object_0-1",Detalle!$B$2:$B$1370,$A47,Detalle!$C$2:$C$1370,$B47) -> 24.28585 | H47: =SUMIFS(Detalle!$I$2:$I$1370,Detalle!$A$2:$A$1370,"5ed925a3-object_2",Detalle!$B$2:$B$1370,$A47,Detalle!$C$2:$C$1370,$B47) -> 21.830995 | I47: =SUMIFS(Detalle!$I$2:$I$1370,Detalle!$A$2:$A$1370,"70ef0058-object_0",Detalle!$B$2:$B$1370,$A47,Detalle!$C$2:$C$1370,$B47) -> 21.160124 | J47: =SUMIFS(Detalle!$I$2:$I$1370,Detalle!$A$2:$A$1370,"80c13944-object_3",Detalle!$B$2:$B$1370,$A47,Detalle!$C$2:$C$1370,$B47) -> 23.173101 | K47: =SUMIFS(Detalle!$I$2:$I$1370,Detalle!$A$2:$A$1370,"fba550bc-object_1",Detalle!$B$2:$B$1370,$A47,Detalle!$C$2:$C$1370,$B47) -> 26.04598
A48: chaleco | B48: ancho (frente) | C48: =SUMIFS(Detalle!$I$2:$I$1370,Detalle!$A$2:$A$1370,"2a3facb9-object_2",Detalle!$B$2:$B$1370,$A48,Detalle!$C$2:$C$1370,$B48) -> 28.448236 | D48: =SUMIFS(Detalle!$I$2:$I$1370,Detalle!$A$2:$A$1370,"2f639739-object_1",Detalle!$B$2:$B$1370,$A48,Detalle!$C$2:$C$1370,$B48) -> 22.676178 | E48: =SUMIFS(Detalle!$I$2:$I$1370,Detalle!$A$2:$A$1370,"5dc9e0d5-object_0",Detalle!$B$2:$B$1370,$A48,Detalle!$C$2:$C$1370,$B48) -> 26.746026 | F48: =SUMIFS(Detalle!$I$2:$I$1370,Detalle!$A$2:$A$1370,"a501b501-object_3",Detalle!$B$2:$B$1370,$A48,Detalle!$C$2:$C$1370,$B48) -> 17.511175 | G48: =SUMIFS(Detalle!$I$2:$I$1370,Detalle!$A$2:$A$1370,"2b65e967-object_0-1",Detalle!$B$2:$B$1370,$A48,Detalle!$C$2:$C$1370,$B48) -> 27.580461 | H48: =SUMIFS(Detalle!$I$2:$I$1370,Detalle!$A$2:$A$1370,"5ed925a3-object_2",Detalle!$B$2:$B$1370,$A48,Detalle!$C$2:$C$1370,$B48) -> 24.43207 | I48: =SUMIFS(Detalle!$I$2:$I$1370,Detalle!$A$2:$A$1370,"70ef0058-object_0",Detalle!$B$2:$B$1370,$A48,Detalle!$C$2:$C$1370,$B48) -> 26.676891 | J48: =SUMIFS(Detalle!$I$2:$I$1370,Detalle!$A$2:$A$1370,"80c13944-object_3",Detalle!$B$2:$B$1370,$A48,Detalle!$C$2:$C$1370,$B48) -> 22.725486 | K48: =SUMIFS(Detalle!$I$2:$I$1370,Detalle!$A$2:$A$1370,"fba550bc-object_1",Detalle!$B$2:$B$1370,$A48,Detalle!$C$2:$C$1370,$B48) -> 25.40051 | L48: =SUMIFS(Detalle!$I$2:$I$1370,Detalle!$A$2:$A$1370,"38448021-object_5",Detalle!$B$2:$B$1370,$A48,Detalle!$C$2:$C$1370,$B48) -> 31.451053
A49: chaleco | B49: fondo | C49: =SUMIFS(Detalle!$I$2:$I$1370,Detalle!$A$2:$A$1370,"2a3facb9-object_2",Detalle!$B$2:$B$1370,$A49,Detalle!$C$2:$C$1370,$B49) -> 24.540615 | D49: =SUMIFS(Detalle!$I$2:$I$1370,Detalle!$A$2:$A$1370,"2f639739-object_1",Detalle!$B$2:$B$1370,$A49,Detalle!$C$2:$C$1370,$B49) -> 19.638723 | E49: =SUMIFS(Detalle!$I$2:$I$1370,Detalle!$A$2:$A$1370,"5dc9e0d5-object_0",Detalle!$B$2:$B$1370,$A49,Detalle!$C$2:$C$1370,$B49) -> 21.998259 | F49: =SUMIFS(Detalle!$I$2:$I$1370,Detalle!$A$2:$A$1370,"a501b501-object_3",Detalle!$B$2:$B$1370,$A49,Detalle!$C$2:$C$1370,$B49) -> 15.733743 | G49: =SUMIFS(Detalle!$I$2:$I$1370,Detalle!$A$2:$A$1370,"2b65e967-object_0-1",Detalle!$B$2:$B$1370,$A49,Detalle!$C$2:$C$1370,$B49) -> 18.993525 | H49: =SUMIFS(Detalle!$I$2:$I$1370,Detalle!$A$2:$A$1370,"5ed925a3-object_2",Detalle!$B$2:$B$1370,$A49,Detalle!$C$2:$C$1370,$B49) -> 16.33836 | I49: =SUMIFS(Detalle!$I$2:$I$1370,Detalle!$A$2:$A$1370,"70ef0058-object_0",Detalle!$B$2:$B$1370,$A49,Detalle!$C$2:$C$1370,$B49) -> 20.22466 | J49: =SUMIFS(Detalle!$I$2:$I$1370,Detalle!$A$2:$A$1370,"80c13944-object_3",Detalle!$B$2:$B$1370,$A49,Detalle!$C$2:$C$1370,$B49) -> 20.764554 | K49: =SUMIFS(Detalle!$I$2:$I$1370,Detalle!$A$2:$A$1370,"fba550bc-object_1",Detalle!$B$2:$B$1370,$A49,Detalle!$C$2:$C$1370,$B49) -> 20.065643 | L49: =SUMIFS(Detalle!$I$2:$I$1370,Detalle!$A$2:$A$1370,"38448021-object_5",Detalle!$B$2:$B$1370,$A49,Detalle!$C$2:$C$1370,$B49) -> 19.844027
A50: pantalón | B50: cintura / borde superior visible (alto) | C50: =SUMIFS(Detalle!$I$2:$I$1370,Detalle!$A$2:$A$1370,"2a3facb9-object_2",Detalle!$B$2:$B$1370,$A50,Detalle!$C$2:$C$1370,$B50) -> 33.193417 | D50: =SUMIFS(Detalle!$I$2:$I$1370,Detalle!$A$2:$A$1370,"2f639739-object_1",Detalle!$B$2:$B$1370,$A50,Detalle!$C$2:$C$1370,$B50) -> 29.468082 | E50: =SUMIFS(Detalle!$I$2:$I$1370,Detalle!$A$2:$A$1370,"5dc9e0d5-object_0",Detalle!$B$2:$B$1370,$A50,Detalle!$C$2:$C$1370,$B50) -> 31.753611 | F50: =SUMIFS(Detalle!$I$2:$I$1370,Detalle!$A$2:$A$1370,"a501b501-object_3",Detalle!$B$2:$B$1370,$A50,Detalle!$C$2:$C$1370,$B50) -> 24.084159 | G50: =SUMIFS(Detalle!$I$2:$I$1370,Detalle!$A$2:$A$1370,"2b65e967-object_0-1",Detalle!$B$2:$B$1370,$A50,Detalle!$C$2:$C$1370,$B50) -> 32.545229 | H50: =SUMIFS(Detalle!$I$2:$I$1370,Detalle!$A$2:$A$1370,"5ed925a3-object_2",Detalle!$B$2:$B$1370,$A50,Detalle!$C$2:$C$1370,$B50) -> 31.563193 | I50: =SUMIFS(Detalle!$I$2:$I$1370,Detalle!$A$2:$A$1370,"70ef0058-object_0",Detalle!$B$2:$B$1370,$A50,Detalle!$C$2:$C$1370,$B50) -> 30.876022 | J50: =SUMIFS(Detalle!$I$2:$I$1370,Detalle!$A$2:$A$1370,"80c13944-object_3",Detalle!$B$2:$B$1370,$A50,Detalle!$C$2:$C$1370,$B50) -> 31.840633 | K50: =SUMIFS(Detalle!$I$2:$I$1370,Detalle!$A$2:$A$1370,"fba550bc-object_1",Detalle!$B$2:$B$1370,$A50,Detalle!$C$2:$C$1370,$B50) -> 38.545655 | L50: =SUMIFS(Detalle!$I$2:$I$1370,Detalle!$A$2:$A$1370,"38448021-object_5",Detalle!$B$2:$B$1370,$A50,Detalle!$C$2:$C$1370,$B50) -> 29.852475
A51: pantalón | B51: bastilla / borde inferior (alto) | C51: =SUMIFS(Detalle!$I$2:$I$1370,Detalle!$A$2:$A$1370,"2a3facb9-object_2",Detalle!$B$2:$B$1370,$A51,Detalle!$C$2:$C$1370,$B51) -> 7.2171267 | D51: =SUMIFS(Detalle!$I$2:$I$1370,Detalle!$A$2:$A$1370,"2f639739-object_1",Detalle!$B$2:$B$1370,$A51,Detalle!$C$2:$C$1370,$B51) -> 6.6186066 | E51: =SUMIFS(Detalle!$I$2:$I$1370,Detalle!$A$2:$A$1370,"5dc9e0d5-object_0",Detalle!$B$2:$B$1370,$A51,Detalle!$C$2:$C$1370,$B51) -> 7.1876202 | F51: =SUMIFS(Detalle!$I$2:$I$1370,Detalle!$A$2:$A$1370,"a501b501-object_3",Detalle!$B$2:$B$1370,$A51,Detalle!$C$2:$C$1370,$B51) -> 4.2797072 | G51: =SUMIFS(Detalle!$I$2:$I$1370,Detalle!$A$2:$A$1370,"2b65e967-object_0-1",Detalle!$B$2:$B$1370,$A51,Detalle!$C$2:$C$1370,$B51) -> 7.4252523 | H51: =SUMIFS(Detalle!$I$2:$I$1370,Detalle!$A$2:$A$1370,"5ed925a3-object_2",Detalle!$B$2:$B$1370,$A51,Detalle!$C$2:$C$1370,$B51) -> 7.3371205 | I51: =SUMIFS(Detalle!$I$2:$I$1370,Detalle!$A$2:$A$1370,"70ef0058-object_0",Detalle!$B$2:$B$1370,$A51,Detalle!$C$2:$C$1370,$B51) -> 6.1689299 | J51: =SUMIFS(Detalle!$I$2:$I$1370,Detalle!$A$2:$A$1370,"80c13944-object_3",Detalle!$B$2:$B$1370,$A51,Detalle!$C$2:$C$1370,$B51) -> 6.5789817 | K51: =SUMIFS(Detalle!$I$2:$I$1370,Detalle!$A$2:$A$1370,"fba550bc-object_1",Detalle!$B$2:$B$1370,$A51,Detalle!$C$2:$C$1370,$B51) -> 7.3444739 | L51: =SUMIFS(Detalle!$I$2:$I$1370,Detalle!$A$2:$A$1370,"38448021-object_5",Detalle!$B$2:$B$1370,$A51,Detalle!$C$2:$C$1370,$B51) -> 19.594219
A52: pantalón | B52: largo total visible | C52: =SUMIFS(Detalle!$I$2:$I$1370,Detalle!$A$2:$A$1370,"2a3facb9-object_2",Detalle!$B$2:$B$1370,$A52,Detalle!$C$2:$C$1370,$B52) -> 25.975297 | D52: =SUMIFS(Detalle!$I$2:$I$1370,Detalle!$A$2:$A$1370,"2f639739-object_1",Detalle!$B$2:$B$1370,$A52,Detalle!$C$2:$C$1370,$B52) -> 22.850427 | E52: =SUMIFS(Detalle!$I$2:$I$1370,Detalle!$A$2:$A$1370,"5dc9e0d5-object_0",Detalle!$B$2:$B$1370,$A52,Detalle!$C$2:$C$1370,$B52) -> 24.565991 | F52: =SUMIFS(Detalle!$I$2:$I$1370,Detalle!$A$2:$A$1370,"a501b501-object_3",Detalle!$B$2:$B$1370,$A52,Detalle!$C$2:$C$1370,$B52) -> 19.804452 | G52: =SUMIFS(Detalle!$I$2:$I$1370,Detalle!$A$2:$A$1370,"2b65e967-object_0-1",Detalle!$B$2:$B$1370,$A52,Detalle!$C$2:$C$1370,$B52) -> 25.119977 | H52: =SUMIFS(Detalle!$I$2:$I$1370,Detalle!$A$2:$A$1370,"5ed925a3-object_2",Detalle!$B$2:$B$1370,$A52,Detalle!$C$2:$C$1370,$B52) -> 24.226073 | I52: =SUMIFS(Detalle!$I$2:$I$1370,Detalle!$A$2:$A$1370,"70ef0058-object_0",Detalle!$B$2:$B$1370,$A52,Detalle!$C$2:$C$1370,$B52) -> 24.707092 | J52: =SUMIFS(Detalle!$I$2:$I$1370,Detalle!$A$2:$A$1370,"80c13944-object_3",Detalle!$B$2:$B$1370,$A52,Detalle!$C$2:$C$1370,$B52) -> 25.261652 | K52: =SUMIFS(Detalle!$I$2:$I$1370,Detalle!$A$2:$A$1370,"fba550bc-object_1",Detalle!$B$2:$B$1370,$A52,Detalle!$C$2:$C$1370,$B52) -> 31.201181 | L52: =SUMIFS(Detalle!$I$2:$I$1370,Detalle!$A$2:$A$1370,"38448021-object_5",Detalle!$B$2:$B$1370,$A52,Detalle!$C$2:$C$1370,$B52) -> 10.258256
A53: pantalón | B53: ancho máx | C53: =SUMIFS(Detalle!$I$2:$I$1370,Detalle!$A$2:$A$1370,"2a3facb9-object_2",Detalle!$B$2:$B$1370,$A53,Detalle!$C$2:$C$1370,$B53) -> 35.609724 | D53: =SUMIFS(Detalle!$I$2:$I$1370,Detalle!$A$2:$A$1370,"2f639739-object_1",Detalle!$B$2:$B$1370,$A53,Detalle!$C$2:$C$1370,$B53) -> 24.361538 | E53: =SUMIFS(Detalle!$I$2:$I$1370,Detalle!$A$2:$A$1370,"5dc9e0d5-object_0",Detalle!$B$2:$B$1370,$A53,Detalle!$C$2:$C$1370,$B53) -> 36.104547 | F53: =SUMIFS(Detalle!$I$2:$I$1370,Detalle!$A$2:$A$1370,"a501b501-object_3",Detalle!$B$2:$B$1370,$A53,Detalle!$C$2:$C$1370,$B53) -> 24.245658 | G53: =SUMIFS(Detalle!$I$2:$I$1370,Detalle!$A$2:$A$1370,"2b65e967-object_0-1",Detalle!$B$2:$B$1370,$A53,Detalle!$C$2:$C$1370,$B53) -> 32.808037 | H53: =SUMIFS(Detalle!$I$2:$I$1370,Detalle!$A$2:$A$1370,"5ed925a3-object_2",Detalle!$B$2:$B$1370,$A53,Detalle!$C$2:$C$1370,$B53) -> 36.589724 | I53: =SUMIFS(Detalle!$I$2:$I$1370,Detalle!$A$2:$A$1370,"70ef0058-object_0",Detalle!$B$2:$B$1370,$A53,Detalle!$C$2:$C$1370,$B53) -> 36.041039 | J53: =SUMIFS(Detalle!$I$2:$I$1370,Detalle!$A$2:$A$1370,"80c13944-object_3",Detalle!$B$2:$B$1370,$A53,Detalle!$C$2:$C$1370,$B53) -> 34.03204 | K53: =SUMIFS(Detalle!$I$2:$I$1370,Detalle!$A$2:$A$1370,"fba550bc-object_1",Detalle!$B$2:$B$1370,$A53,Detalle!$C$2:$C$1370,$B53) -> 19.898334 | L53: =SUMIFS(Detalle!$I$2:$I$1370,Detalle!$A$2:$A$1370,"38448021-object_5",Detalle!$B$2:$B$1370,$A53,Detalle!$C$2:$C$1370,$B53) -> 8.3310337
A54: pantalón | B54: fondo máx | C54: =SUMIFS(Detalle!$I$2:$I$1370,Detalle!$A$2:$A$1370,"2a3facb9-object_2",Detalle!$B$2:$B$1370,$A54,Detalle!$C$2:$C$1370,$B54) -> 17.616585 | D54: =SUMIFS(Detalle!$I$2:$I$1370,Detalle!$A$2:$A$1370,"2f639739-object_1",Detalle!$B$2:$B$1370,$A54,Detalle!$C$2:$C$1370,$B54) -> 16.548897 | E54: =SUMIFS(Detalle!$I$2:$I$1370,Detalle!$A$2:$A$1370,"5dc9e0d5-object_0",Detalle!$B$2:$B$1370,$A54,Detalle!$C$2:$C$1370,$B54) -> 17.181477 | F54: =SUMIFS(Detalle!$I$2:$I$1370,Detalle!$A$2:$A$1370,"a501b501-object_3",Detalle!$B$2:$B$1370,$A54,Detalle!$C$2:$C$1370,$B54) -> 12.788772 | G54: =SUMIFS(Detalle!$I$2:$I$1370,Detalle!$A$2:$A$1370,"2b65e967-object_0-1",Detalle!$B$2:$B$1370,$A54,Detalle!$C$2:$C$1370,$B54) -> 19.899067 | H54: =SUMIFS(Detalle!$I$2:$I$1370,Detalle!$A$2:$A$1370,"5ed925a3-object_2",Detalle!$B$2:$B$1370,$A54,Detalle!$C$2:$C$1370,$B54) -> 17.492705 | I54: =SUMIFS(Detalle!$I$2:$I$1370,Detalle!$A$2:$A$1370,"70ef0058-object_0",Detalle!$B$2:$B$1370,$A54,Detalle!$C$2:$C$1370,$B54) -> 19.598165 | J54: =SUMIFS(Detalle!$I$2:$I$1370,Detalle!$A$2:$A$1370,"80c13944-object_3",Detalle!$B$2:$B$1370,$A54,Detalle!$C$2:$C$1370,$B54) -> 18.721717 | K54: =SUMIFS(Detalle!$I$2:$I$1370,Detalle!$A$2:$A$1370,"fba550bc-object_1",Detalle!$B$2:$B$1370,$A54,Detalle!$C$2:$C$1370,$B54) -> 17.036974 | L54: =SUMIFS(Detalle!$I$2:$I$1370,Detalle!$A$2:$A$1370,"38448021-object_5",Detalle!$B$2:$B$1370,$A54,Detalle!$C$2:$C$1370,$B54) -> 0.83395823
A55: piernas | B55: entrepierna (alto) | C55: =SUMIFS(Detalle!$I$2:$I$1370,Detalle!$A$2:$A$1370,"2a3facb9-object_2",Detalle!$B$2:$B$1370,$A55,Detalle!$C$2:$C$1370,$B55) -> 22.082579 | D55: =SUMIFS(Detalle!$I$2:$I$1370,Detalle!$A$2:$A$1370,"2f639739-object_1",Detalle!$B$2:$B$1370,$A55,Detalle!$C$2:$C$1370,$B55) -> 21.730663 | E55: =SUMIFS(Detalle!$I$2:$I$1370,Detalle!$A$2:$A$1370,"5dc9e0d5-object_0",Detalle!$B$2:$B$1370,$A55,Detalle!$C$2:$C$1370,$B55) -> 21.431937 | F55: =SUMIFS(Detalle!$I$2:$I$1370,Detalle!$A$2:$A$1370,"a501b501-object_3",Detalle!$B$2:$B$1370,$A55,Detalle!$C$2:$C$1370,$B55) -> 17.579574 | G55: =SUMIFS(Detalle!$I$2:$I$1370,Detalle!$A$2:$A$1370,"2b65e967-object_0-1",Detalle!$B$2:$B$1370,$A55,Detalle!$C$2:$C$1370,$B55) -> 20.751285 | H55: =SUMIFS(Detalle!$I$2:$I$1370,Detalle!$A$2:$A$1370,"5ed925a3-object_2",Detalle!$B$2:$B$1370,$A55,Detalle!$C$2:$C$1370,$B55) -> 22.453734 | I55: =SUMIFS(Detalle!$I$2:$I$1370,Detalle!$A$2:$A$1370,"70ef0058-object_0",Detalle!$B$2:$B$1370,$A55,Detalle!$C$2:$C$1370,$B55) -> 16.051196 | J55: =SUMIFS(Detalle!$I$2:$I$1370,Detalle!$A$2:$A$1370,"80c13944-object_3",Detalle!$B$2:$B$1370,$A55,Detalle!$C$2:$C$1370,$B55) -> 18.589337 | K55: =SUMIFS(Detalle!$I$2:$I$1370,Detalle!$A$2:$A$1370,"fba550bc-object_1",Detalle!$B$2:$B$1370,$A55,Detalle!$C$2:$C$1370,$B55) -> 17.192875
A56: piernas | B56: largo de pierna (suelo→entrepierna) | C56: =SUMIFS(Detalle!$I$2:$I$1370,Detalle!$A$2:$A$1370,"2a3facb9-object_2",Detalle!$B$2:$B$1370,$A56,Detalle!$C$2:$C$1370,$B56) -> 22.082579 | D56: =SUMIFS(Detalle!$I$2:$I$1370,Detalle!$A$2:$A$1370,"2f639739-object_1",Detalle!$B$2:$B$1370,$A56,Detalle!$C$2:$C$1370,$B56) -> 21.730663 | E56: =SUMIFS(Detalle!$I$2:$I$1370,Detalle!$A$2:$A$1370,"5dc9e0d5-object_0",Detalle!$B$2:$B$1370,$A56,Detalle!$C$2:$C$1370,$B56) -> 21.431937 | F56: =SUMIFS(Detalle!$I$2:$I$1370,Detalle!$A$2:$A$1370,"a501b501-object_3",Detalle!$B$2:$B$1370,$A56,Detalle!$C$2:$C$1370,$B56) -> 17.579574 | G56: =SUMIFS(Detalle!$I$2:$I$1370,Detalle!$A$2:$A$1370,"2b65e967-object_0-1",Detalle!$B$2:$B$1370,$A56,Detalle!$C$2:$C$1370,$B56) -> 20.751285 | H56: =SUMIFS(Detalle!$I$2:$I$1370,Detalle!$A$2:$A$1370,"5ed925a3-object_2",Detalle!$B$2:$B$1370,$A56,Detalle!$C$2:$C$1370,$B56) -> 22.453734 | I56: =SUMIFS(Detalle!$I$2:$I$1370,Detalle!$A$2:$A$1370,"70ef0058-object_0",Detalle!$B$2:$B$1370,$A56,Detalle!$C$2:$C$1370,$B56) -> 16.051196 | J56: =SUMIFS(Detalle!$I$2:$I$1370,Detalle!$A$2:$A$1370,"80c13944-object_3",Detalle!$B$2:$B$1370,$A56,Detalle!$C$2:$C$1370,$B56) -> 18.589337 | K56: =SUMIFS(Detalle!$I$2:$I$1370,Detalle!$A$2:$A$1370,"fba550bc-object_1",Detalle!$B$2:$B$1370,$A56,Detalle!$C$2:$C$1370,$B56) -> 17.192875
A57: piernas | B57: entrepierna → base de cabeza (tronco) | C57: =SUMIFS(Detalle!$I$2:$I$1370,Detalle!$A$2:$A$1370,"2a3facb9-object_2",Detalle!$B$2:$B$1370,$A57,Detalle!$C$2:$C$1370,$B57) -> 31.117897 | D57: =SUMIFS(Detalle!$I$2:$I$1370,Detalle!$A$2:$A$1370,"2f639739-object_1",Detalle!$B$2:$B$1370,$A57,Detalle!$C$2:$C$1370,$B57) -> 28.619689 | E57: =SUMIFS(Detalle!$I$2:$I$1370,Detalle!$A$2:$A$1370,"5dc9e0d5-object_0",Detalle!$B$2:$B$1370,$A57,Detalle!$C$2:$C$1370,$B57) -> 29.867901 | F57: =SUMIFS(Detalle!$I$2:$I$1370,Detalle!$A$2:$A$1370,"a501b501-object_3",Detalle!$B$2:$B$1370,$A57,Detalle!$C$2:$C$1370,$B57) -> 20.420046 | G57: =SUMIFS(Detalle!$I$2:$I$1370,Detalle!$A$2:$A$1370,"2b65e967-object_0-1",Detalle!$B$2:$B$1370,$A57,Detalle!$C$2:$C$1370,$B57) -> 32.449057 | H57: =SUMIFS(Detalle!$I$2:$I$1370,Detalle!$A$2:$A$1370,"5ed925a3-object_2",Detalle!$B$2:$B$1370,$A57,Detalle!$C$2:$C$1370,$B57) -> 29.795601 | I57: =SUMIFS(Detalle!$I$2:$I$1370,Detalle!$A$2:$A$1370,"70ef0058-object_0",Detalle!$B$2:$B$1370,$A57,Detalle!$C$2:$C$1370,$B57) -> 32.399003 | J57: =SUMIFS(Detalle!$I$2:$I$1370,Detalle!$A$2:$A$1370,"80c13944-object_3",Detalle!$B$2:$B$1370,$A57,Detalle!$C$2:$C$1370,$B57) -> 34.610129 | K57: =SUMIFS(Detalle!$I$2:$I$1370,Detalle!$A$2:$A$1370,"fba550bc-object_1",Detalle!$B$2:$B$1370,$A57,Detalle!$C$2:$C$1370,$B57) -> 36.007505
A58: proporción | B58: pierna / altura (%) | C58: =SUMIFS(Detalle!$I$2:$I$1370,Detalle!$A$2:$A$1370,"2a3facb9-object_2",Detalle!$B$2:$B$1370,$A58,Detalle!$C$2:$C$1370,$B58) -> 23.24465 | D58: =SUMIFS(Detalle!$I$2:$I$1370,Detalle!$A$2:$A$1370,"2f639739-object_1",Detalle!$B$2:$B$1370,$A58,Detalle!$C$2:$C$1370,$B58) -> 22.87418 | E58: =SUMIFS(Detalle!$I$2:$I$1370,Detalle!$A$2:$A$1370,"5dc9e0d5-object_0",Detalle!$B$2:$B$1370,$A58,Detalle!$C$2:$C$1370,$B58) -> 22.56003 | F58: =SUMIFS(Detalle!$I$2:$I$1370,Detalle!$A$2:$A$1370,"a501b501-object_3",Detalle!$B$2:$B$1370,$A58,Detalle!$C$2:$C$1370,$B58) -> 18.50492 | G58: =SUMIFS(Detalle!$I$2:$I$1370,Detalle!$A$2:$A$1370,"2b65e967-object_0-1",Detalle!$B$2:$B$1370,$A58,Detalle!$C$2:$C$1370,$B58) -> 21.84348 | H58: =SUMIFS(Detalle!$I$2:$I$1370,Detalle!$A$2:$A$1370,"5ed925a3-object_2",Detalle!$B$2:$B$1370,$A58,Detalle!$C$2:$C$1370,$B58) -> 23.63584 | I58: =SUMIFS(Detalle!$I$2:$I$1370,Detalle!$A$2:$A$1370,"70ef0058-object_0",Detalle!$B$2:$B$1370,$A58,Detalle!$C$2:$C$1370,$B58) -> 16.89586 | J58: =SUMIFS(Detalle!$I$2:$I$1370,Detalle!$A$2:$A$1370,"80c13944-object_3",Detalle!$B$2:$B$1370,$A58,Detalle!$C$2:$C$1370,$B58) -> 19.56822 | K58: =SUMIFS(Detalle!$I$2:$I$1370,Detalle!$A$2:$A$1370,"fba550bc-object_1",Detalle!$B$2:$B$1370,$A58,Detalle!$C$2:$C$1370,$B58) -> 18.0975
A59: proporción | B59: tronco (entrepierna→cuello) / altura (%) | C59: =SUMIFS(Detalle!$I$2:$I$1370,Detalle!$A$2:$A$1370,"2a3facb9-object_2",Detalle!$B$2:$B$1370,$A59,Detalle!$C$2:$C$1370,$B59) -> 32.75535 | D59: =SUMIFS(Detalle!$I$2:$I$1370,Detalle!$A$2:$A$1370,"2f639739-object_1",Detalle!$B$2:$B$1370,$A59,Detalle!$C$2:$C$1370,$B59) -> 30.12582 | E59: =SUMIFS(Detalle!$I$2:$I$1370,Detalle!$A$2:$A$1370,"5dc9e0d5-object_0",Detalle!$B$2:$B$1370,$A59,Detalle!$C$2:$C$1370,$B59) -> 31.43997 | F59: =SUMIFS(Detalle!$I$2:$I$1370,Detalle!$A$2:$A$1370,"a501b501-object_3",Detalle!$B$2:$B$1370,$A59,Detalle!$C$2:$C$1370,$B59) -> 21.49508 | G59: =SUMIFS(Detalle!$I$2:$I$1370,Detalle!$A$2:$A$1370,"2b65e967-object_0-1",Detalle!$B$2:$B$1370,$A59,Detalle!$C$2:$C$1370,$B59) -> 34.15652 | H59: =SUMIFS(Detalle!$I$2:$I$1370,Detalle!$A$2:$A$1370,"5ed925a3-object_2",Detalle!$B$2:$B$1370,$A59,Detalle!$C$2:$C$1370,$B59) -> 31.36416 | I59: =SUMIFS(Detalle!$I$2:$I$1370,Detalle!$A$2:$A$1370,"70ef0058-object_0",Detalle!$B$2:$B$1370,$A59,Detalle!$C$2:$C$1370,$B59) -> 34.10414 | J59: =SUMIFS(Detalle!$I$2:$I$1370,Detalle!$A$2:$A$1370,"80c13944-object_3",Detalle!$B$2:$B$1370,$A59,Detalle!$C$2:$C$1370,$B59) -> 36.43178 | K59: =SUMIFS(Detalle!$I$2:$I$1370,Detalle!$A$2:$A$1370,"fba550bc-object_1",Detalle!$B$2:$B$1370,$A59,Detalle!$C$2:$C$1370,$B59) -> 37.9025
A60: piernas | B60: muslo (25% sobre bastilla→entrepierna, alto) izq: ancho | C60: =SUMIFS(Detalle!$I$2:$I$1370,Detalle!$A$2:$A$1370,"2a3facb9-object_2",Detalle!$B$2:$B$1370,$A60,Detalle!$C$2:$C$1370,$B60) -> 14.194808 | D60: =SUMIFS(Detalle!$I$2:$I$1370,Detalle!$A$2:$A$1370,"2f639739-object_1",Detalle!$B$2:$B$1370,$A60,Detalle!$C$2:$C$1370,$B60) -> 9.7446152 | E60: =SUMIFS(Detalle!$I$2:$I$1370,Detalle!$A$2:$A$1370,"5dc9e0d5-object_0",Detalle!$B$2:$B$1370,$A60,Detalle!$C$2:$C$1370,$B60) -> 13.085285 | F60: =SUMIFS(Detalle!$I$2:$I$1370,Detalle!$A$2:$A$1370,"a501b501-object_3",Detalle!$B$2:$B$1370,$A60,Detalle!$C$2:$C$1370,$B60) -> 9.904601 | G60: =SUMIFS(Detalle!$I$2:$I$1370,Detalle!$A$2:$A$1370,"2b65e967-object_0-1",Detalle!$B$2:$B$1370,$A60,Detalle!$C$2:$C$1370,$B60) -> 13.135593 | H60: =SUMIFS(Detalle!$I$2:$I$1370,Detalle!$A$2:$A$1370,"5ed925a3-object_2",Detalle!$B$2:$B$1370,$A60,Detalle!$C$2:$C$1370,$B60) -> 12.826908 | I60: =SUMIFS(Detalle!$I$2:$I$1370,Detalle!$A$2:$A$1370,"70ef0058-object_0",Detalle!$B$2:$B$1370,$A60,Detalle!$C$2:$C$1370,$B60) -> 14.810566 | J60: =SUMIFS(Detalle!$I$2:$I$1370,Detalle!$A$2:$A$1370,"80c13944-object_3",Detalle!$B$2:$B$1370,$A60,Detalle!$C$2:$C$1370,$B60) -> 12.942727 | K60: =SUMIFS(Detalle!$I$2:$I$1370,Detalle!$A$2:$A$1370,"fba550bc-object_1",Detalle!$B$2:$B$1370,$A60,Detalle!$C$2:$C$1370,$B60) -> 8.6087957
A61: piernas | B61: muslo (25% sobre bastilla→entrepierna, alto) izq: fondo | C61: =SUMIFS(Detalle!$I$2:$I$1370,Detalle!$A$2:$A$1370,"2a3facb9-object_2",Detalle!$B$2:$B$1370,$A61,Detalle!$C$2:$C$1370,$B61) -> 14.612098 | D61: =SUMIFS(Detalle!$I$2:$I$1370,Detalle!$A$2:$A$1370,"2f639739-object_1",Detalle!$B$2:$B$1370,$A61,Detalle!$C$2:$C$1370,$B61) -> 13.355284 | E61: =SUMIFS(Detalle!$I$2:$I$1370,Detalle!$A$2:$A$1370,"5dc9e0d5-object_0",Detalle!$B$2:$B$1370,$A61,Detalle!$C$2:$C$1370,$B61) -> 13.104568 | F61: =SUMIFS(Detalle!$I$2:$I$1370,Detalle!$A$2:$A$1370,"a501b501-object_3",Detalle!$B$2:$B$1370,$A61,Detalle!$C$2:$C$1370,$B61) -> 10.230448 | G61: =SUMIFS(Detalle!$I$2:$I$1370,Detalle!$A$2:$A$1370,"2b65e967-object_0-1",Detalle!$B$2:$B$1370,$A61,Detalle!$C$2:$C$1370,$B61) -> 12.854694 | H61: =SUMIFS(Detalle!$I$2:$I$1370,Detalle!$A$2:$A$1370,"5ed925a3-object_2",Detalle!$B$2:$B$1370,$A61,Detalle!$C$2:$C$1370,$B61) -> 11.957352 | I61: =SUMIFS(Detalle!$I$2:$I$1370,Detalle!$A$2:$A$1370,"70ef0058-object_0",Detalle!$B$2:$B$1370,$A61,Detalle!$C$2:$C$1370,$B61) -> 15.496953 | J61: =SUMIFS(Detalle!$I$2:$I$1370,Detalle!$A$2:$A$1370,"80c13944-object_3",Detalle!$B$2:$B$1370,$A61,Detalle!$C$2:$C$1370,$B61) -> 13.093202 | K61: =SUMIFS(Detalle!$I$2:$I$1370,Detalle!$A$2:$A$1370,"fba550bc-object_1",Detalle!$B$2:$B$1370,$A61,Detalle!$C$2:$C$1370,$B61) -> 12.516786
A62: piernas | B62: muslo (25% sobre bastilla→entrepierna, alto) izq: contorno | C62: =SUMIFS(Detalle!$I$2:$I$1370,Detalle!$A$2:$A$1370,"2a3facb9-object_2",Detalle!$B$2:$B$1370,$A62,Detalle!$C$2:$C$1370,$B62) -> 44.471171 | D62: =SUMIFS(Detalle!$I$2:$I$1370,Detalle!$A$2:$A$1370,"2f639739-object_1",Detalle!$B$2:$B$1370,$A62,Detalle!$C$2:$C$1370,$B62) -> 40.085847 | E62: =SUMIFS(Detalle!$I$2:$I$1370,Detalle!$A$2:$A$1370,"5dc9e0d5-object_0",Detalle!$B$2:$B$1370,$A62,Detalle!$C$2:$C$1370,$B62) -> 41.929138 | F62: =SUMIFS(Detalle!$I$2:$I$1370,Detalle!$A$2:$A$1370,"a501b501-object_3",Detalle!$B$2:$B$1370,$A62,Detalle!$C$2:$C$1370,$B62) -> 32.900071 | G62: =SUMIFS(Detalle!$I$2:$I$1370,Detalle!$A$2:$A$1370,"2b65e967-object_0-1",Detalle!$B$2:$B$1370,$A62,Detalle!$C$2:$C$1370,$B62) -> 39.46772 | H62: =SUMIFS(Detalle!$I$2:$I$1370,Detalle!$A$2:$A$1370,"5ed925a3-object_2",Detalle!$B$2:$B$1370,$A62,Detalle!$C$2:$C$1370,$B62) -> 37.685213 | I62: =SUMIFS(Detalle!$I$2:$I$1370,Detalle!$A$2:$A$1370,"70ef0058-object_0",Detalle!$B$2:$B$1370,$A62,Detalle!$C$2:$C$1370,$B62) -> 45.12664 | J62: =SUMIFS(Detalle!$I$2:$I$1370,Detalle!$A$2:$A$1370,"80c13944-object_3",Detalle!$B$2:$B$1370,$A62,Detalle!$C$2:$C$1370,$B62) -> 40.00817 | K62: =SUMIFS(Detalle!$I$2:$I$1370,Detalle!$A$2:$A$1370,"fba550bc-object_1",Detalle!$B$2:$B$1370,$A62,Detalle!$C$2:$C$1370,$B62) -> 35.075899
A63: piernas | B63: muslo (25% sobre bastilla→entrepierna, alto) der: ancho | C63: =SUMIFS(Detalle!$I$2:$I$1370,Detalle!$A$2:$A$1370,"2a3facb9-object_2",Detalle!$B$2:$B$1370,$A63,Detalle!$C$2:$C$1370,$B63) -> 13.610603 | D63: =SUMIFS(Detalle!$I$2:$I$1370,Detalle!$A$2:$A$1370,"2f639739-object_1",Detalle!$B$2:$B$1370,$A63,Detalle!$C$2:$C$1370,$B63) -> 9.3818344 | E63: =SUMIFS(Detalle!$I$2:$I$1370,Detalle!$A$2:$A$1370,"5dc9e0d5-object_0",Detalle!$B$2:$B$1370,$A63,Detalle!$C$2:$C$1370,$B63) -> 13.051793 | F63: =SUMIFS(Detalle!$I$2:$I$1370,Detalle!$A$2:$A$1370,"a501b501-object_3",Detalle!$B$2:$B$1370,$A63,Detalle!$C$2:$C$1370,$B63) -> 10.246598 | G63: =SUMIFS(Detalle!$I$2:$I$1370,Detalle!$A$2:$A$1370,"2b65e967-object_0-1",Detalle!$B$2:$B$1370,$A63,Detalle!$C$2:$C$1370,$B63) -> 12.24243 | H63: =SUMIFS(Detalle!$I$2:$I$1370,Detalle!$A$2:$A$1370,"5ed925a3-object_2",Detalle!$B$2:$B$1370,$A63,Detalle!$C$2:$C$1370,$B63) -> 12.68926 | I63: =SUMIFS(Detalle!$I$2:$I$1370,Detalle!$A$2:$A$1370,"70ef0058-object_0",Detalle!$B$2:$B$1370,$A63,Detalle!$C$2:$C$1370,$B63) -> 13.922635 | J63: =SUMIFS(Detalle!$I$2:$I$1370,Detalle!$A$2:$A$1370,"80c13944-object_3",Detalle!$B$2:$B$1370,$A63,Detalle!$C$2:$C$1370,$B63) -> 12.123688 | K63: =SUMIFS(Detalle!$I$2:$I$1370,Detalle!$A$2:$A$1370,"fba550bc-object_1",Detalle!$B$2:$B$1370,$A63,Detalle!$C$2:$C$1370,$B63) -> 8.1192275
A64: piernas | B64: muslo (25% sobre bastilla→entrepierna, alto) der: fondo | C64: =SUMIFS(Detalle!$I$2:$I$1370,Detalle!$A$2:$A$1370,"2a3facb9-object_2",Detalle!$B$2:$B$1370,$A64,Detalle!$C$2:$C$1370,$B64) -> 14.313041 | D64: =SUMIFS(Detalle!$I$2:$I$1370,Detalle!$A$2:$A$1370,"2f639739-object_1",Detalle!$B$2:$B$1370,$A64,Detalle!$C$2:$C$1370,$B64) -> 13.374327 | E64: =SUMIFS(Detalle!$I$2:$I$1370,Detalle!$A$2:$A$1370,"5dc9e0d5-object_0",Detalle!$B$2:$B$1370,$A64,Detalle!$C$2:$C$1370,$B64) -> 13.038599 | F64: =SUMIFS(Detalle!$I$2:$I$1370,Detalle!$A$2:$A$1370,"a501b501-object_3",Detalle!$B$2:$B$1370,$A64,Detalle!$C$2:$C$1370,$B64) -> 10.289347 | G64: =SUMIFS(Detalle!$I$2:$I$1370,Detalle!$A$2:$A$1370,"2b65e967-object_0-1",Detalle!$B$2:$B$1370,$A64,Detalle!$C$2:$C$1370,$B64) -> 11.817749 | H64: =SUMIFS(Detalle!$I$2:$I$1370,Detalle!$A$2:$A$1370,"5ed925a3-object_2",Detalle!$B$2:$B$1370,$A64,Detalle!$C$2:$C$1370,$B64) -> 11.79787 | I64: =SUMIFS(Detalle!$I$2:$I$1370,Detalle!$A$2:$A$1370,"70ef0058-object_0",Detalle!$B$2:$B$1370,$A64,Detalle!$C$2:$C$1370,$B64) -> 14.032913 | J64: =SUMIFS(Detalle!$I$2:$I$1370,Detalle!$A$2:$A$1370,"80c13944-object_3",Detalle!$B$2:$B$1370,$A64,Detalle!$C$2:$C$1370,$B64) -> 11.137031 | K64: =SUMIFS(Detalle!$I$2:$I$1370,Detalle!$A$2:$A$1370,"fba550bc-object_1",Detalle!$B$2:$B$1370,$A64,Detalle!$C$2:$C$1370,$B64) -> 12.570971
A65: piernas | B65: muslo (25% sobre bastilla→entrepierna, alto) der: contorno | C65: =SUMIFS(Detalle!$I$2:$I$1370,Detalle!$A$2:$A$1370,"2a3facb9-object_2",Detalle!$B$2:$B$1370,$A65,Detalle!$C$2:$C$1370,$B65) -> 43.033509 | D65: =SUMIFS(Detalle!$I$2:$I$1370,Detalle!$A$2:$A$1370,"2f639739-object_1",Detalle!$B$2:$B$1370,$A65,Detalle!$C$2:$C$1370,$B65) -> 39.847801 | E65: =SUMIFS(Detalle!$I$2:$I$1370,Detalle!$A$2:$A$1370,"5dc9e0d5-object_0",Detalle!$B$2:$B$1370,$A65,Detalle!$C$2:$C$1370,$B65) -> 42.211284 | F65: =SUMIFS(Detalle!$I$2:$I$1370,Detalle!$A$2:$A$1370,"a501b501-object_3",Detalle!$B$2:$B$1370,$A65,Detalle!$C$2:$C$1370,$B65) -> 33.803512 | G65: =SUMIFS(Detalle!$I$2:$I$1370,Detalle!$A$2:$A$1370,"2b65e967-object_0-1",Detalle!$B$2:$B$1370,$A65,Detalle!$C$2:$C$1370,$B65) -> 37.99562 | H65: =SUMIFS(Detalle!$I$2:$I$1370,Detalle!$A$2:$A$1370,"5ed925a3-object_2",Detalle!$B$2:$B$1370,$A65,Detalle!$C$2:$C$1370,$B65) -> 37.666227 | I65: =SUMIFS(Detalle!$I$2:$I$1370,Detalle!$A$2:$A$1370,"70ef0058-object_0",Detalle!$B$2:$B$1370,$A65,Detalle!$C$2:$C$1370,$B65) -> 43.529506 | J65: =SUMIFS(Detalle!$I$2:$I$1370,Detalle!$A$2:$A$1370,"80c13944-object_3",Detalle!$B$2:$B$1370,$A65,Detalle!$C$2:$C$1370,$B65) -> 37.05201 | K65: =SUMIFS(Detalle!$I$2:$I$1370,Detalle!$A$2:$A$1370,"fba550bc-object_1",Detalle!$B$2:$B$1370,$A65,Detalle!$C$2:$C$1370,$B65) -> 34.733677
A66: piernas | B66: muslo (25% sobre bastilla→entrepierna, alto): separación entre piernas | C66: =SUMIFS(Detalle!$I$2:$I$1370,Detalle!$A$2:$A$1370,"2a3facb9-object_2",Detalle!$B$2:$B$1370,$A66,Detalle!$C$2:$C$1370,$B66) -> 3.6622149 | D66: =SUMIFS(Detalle!$I$2:$I$1370,Detalle!$A$2:$A$1370,"2f639739-object_1",Detalle!$B$2:$B$1370,$A66,Detalle!$C$2:$C$1370,$B66) -> 1.9338786 | E66: =SUMIFS(Detalle!$I$2:$I$1370,Detalle!$A$2:$A$1370,"5dc9e0d5-object_0",Detalle!$B$2:$B$1370,$A66,Detalle!$C$2:$C$1370,$B66) -> 5.0867484 | F66: =SUMIFS(Detalle!$I$2:$I$1370,Detalle!$A$2:$A$1370,"a501b501-object_3",Detalle!$B$2:$B$1370,$A66,Detalle!$C$2:$C$1370,$B66) -> 1.8239818 | G66: =SUMIFS(Detalle!$I$2:$I$1370,Detalle!$A$2:$A$1370,"2b65e967-object_0-1",Detalle!$B$2:$B$1370,$A66,Detalle!$C$2:$C$1370,$B66) -> 2.4004951 | H66: =SUMIFS(Detalle!$I$2:$I$1370,Detalle!$A$2:$A$1370,"5ed925a3-object_2",Detalle!$B$2:$B$1370,$A66,Detalle!$C$2:$C$1370,$B66) -> 3.1212902 | I66: =SUMIFS(Detalle!$I$2:$I$1370,Detalle!$A$2:$A$1370,"70ef0058-object_0",Detalle!$B$2:$B$1370,$A66,Detalle!$C$2:$C$1370,$B66) -> 4.8009086 | J66: =SUMIFS(Detalle!$I$2:$I$1370,Detalle!$A$2:$A$1370,"80c13944-object_3",Detalle!$B$2:$B$1370,$A66,Detalle!$C$2:$C$1370,$B66) -> 4.0837686 | K66: =SUMIFS(Detalle!$I$2:$I$1370,Detalle!$A$2:$A$1370,"fba550bc-object_1",Detalle!$B$2:$B$1370,$A66,Detalle!$C$2:$C$1370,$B66) -> 1.5837294
A67: piernas | B67: media pierna izq: ancho | C67: =SUMIFS(Detalle!$I$2:$I$1370,Detalle!$A$2:$A$1370,"2a3facb9-object_2",Detalle!$B$2:$B$1370,$A67,Detalle!$C$2:$C$1370,$B67) -> 13.786461 | D67: =SUMIFS(Detalle!$I$2:$I$1370,Detalle!$A$2:$A$1370,"2f639739-object_1",Detalle!$B$2:$B$1370,$A67,Detalle!$C$2:$C$1370,$B67) -> 9.5418007 | E67: =SUMIFS(Detalle!$I$2:$I$1370,Detalle!$A$2:$A$1370,"5dc9e0d5-object_0",Detalle!$B$2:$B$1370,$A67,Detalle!$C$2:$C$1370,$B67) -> 12.893466 | F67: =SUMIFS(Detalle!$I$2:$I$1370,Detalle!$A$2:$A$1370,"a501b501-object_3",Detalle!$B$2:$B$1370,$A67,Detalle!$C$2:$C$1370,$B67) -> 10.02905 | G67: =SUMIFS(Detalle!$I$2:$I$1370,Detalle!$A$2:$A$1370,"2b65e967-object_0-1",Detalle!$B$2:$B$1370,$A67,Detalle!$C$2:$C$1370,$B67) -> 13.351743 | H67: =SUMIFS(Detalle!$I$2:$I$1370,Detalle!$A$2:$A$1370,"5ed925a3-object_2",Detalle!$B$2:$B$1370,$A67,Detalle!$C$2:$C$1370,$B67) -> 13.01392 | I67: =SUMIFS(Detalle!$I$2:$I$1370,Detalle!$A$2:$A$1370,"70ef0058-object_0",Detalle!$B$2:$B$1370,$A67,Detalle!$C$2:$C$1370,$B67) -> 15.490298 | J67: =SUMIFS(Detalle!$I$2:$I$1370,Detalle!$A$2:$A$1370,"80c13944-object_3",Detalle!$B$2:$B$1370,$A67,Detalle!$C$2:$C$1370,$B67) -> 15.075087
A68: piernas | B68: media pierna izq: fondo | C68: =SUMIFS(Detalle!$I$2:$I$1370,Detalle!$A$2:$A$1370,"2a3facb9-object_2",Detalle!$B$2:$B$1370,$A68,Detalle!$C$2:$C$1370,$B68) -> 14.278266 | D68: =SUMIFS(Detalle!$I$2:$I$1370,Detalle!$A$2:$A$1370,"2f639739-object_1",Detalle!$B$2:$B$1370,$A68,Detalle!$C$2:$C$1370,$B68) -> 12.438334 | E68: =SUMIFS(Detalle!$I$2:$I$1370,Detalle!$A$2:$A$1370,"5dc9e0d5-object_0",Detalle!$B$2:$B$1370,$A68,Detalle!$C$2:$C$1370,$B68) -> 12.956391 | F68: =SUMIFS(Detalle!$I$2:$I$1370,Detalle!$A$2:$A$1370,"a501b501-object_3",Detalle!$B$2:$B$1370,$A68,Detalle!$C$2:$C$1370,$B68) -> 10.061349 | G68: =SUMIFS(Detalle!$I$2:$I$1370,Detalle!$A$2:$A$1370,"2b65e967-object_0-1",Detalle!$B$2:$B$1370,$A68,Detalle!$C$2:$C$1370,$B68) -> 12.685203 | H68: =SUMIFS(Detalle!$I$2:$I$1370,Detalle!$A$2:$A$1370,"5ed925a3-object_2",Detalle!$B$2:$B$1370,$A68,Detalle!$C$2:$C$1370,$B68) -> 12.226952 | I68: =SUMIFS(Detalle!$I$2:$I$1370,Detalle!$A$2:$A$1370,"70ef0058-object_0",Detalle!$B$2:$B$1370,$A68,Detalle!$C$2:$C$1370,$B68) -> 15.993205 | J68: =SUMIFS(Detalle!$I$2:$I$1370,Detalle!$A$2:$A$1370,"80c13944-object_3",Detalle!$B$2:$B$1370,$A68,Detalle!$C$2:$C$1370,$B68) -> 13.004632
A69: piernas | B69: media pierna izq: contorno | C69: =SUMIFS(Detalle!$I$2:$I$1370,Detalle!$A$2:$A$1370,"2a3facb9-object_2",Detalle!$B$2:$B$1370,$A69,Detalle!$C$2:$C$1370,$B69) -> 43.108025 | D69: =SUMIFS(Detalle!$I$2:$I$1370,Detalle!$A$2:$A$1370,"2f639739-object_1",Detalle!$B$2:$B$1370,$A69,Detalle!$C$2:$C$1370,$B69) -> 38.343356 | E69: =SUMIFS(Detalle!$I$2:$I$1370,Detalle!$A$2:$A$1370,"5dc9e0d5-object_0",Detalle!$B$2:$B$1370,$A69,Detalle!$C$2:$C$1370,$B69) -> 41.164907 | F69: =SUMIFS(Detalle!$I$2:$I$1370,Detalle!$A$2:$A$1370,"a501b501-object_3",Detalle!$B$2:$B$1370,$A69,Detalle!$C$2:$C$1370,$B69) -> 32.414626 | G69: =SUMIFS(Detalle!$I$2:$I$1370,Detalle!$A$2:$A$1370,"2b65e967-object_0-1",Detalle!$B$2:$B$1370,$A69,Detalle!$C$2:$C$1370,$B69) -> 39.412493 | H69: =SUMIFS(Detalle!$I$2:$I$1370,Detalle!$A$2:$A$1370,"5ed925a3-object_2",Detalle!$B$2:$B$1370,$A69,Detalle!$C$2:$C$1370,$B69) -> 37.834253 | I69: =SUMIFS(Detalle!$I$2:$I$1370,Detalle!$A$2:$A$1370,"70ef0058-object_0",Detalle!$B$2:$B$1370,$A69,Detalle!$C$2:$C$1370,$B69) -> 47.823705 | J69: =SUMIFS(Detalle!$I$2:$I$1370,Detalle!$A$2:$A$1370,"80c13944-object_3",Detalle!$B$2:$B$1370,$A69,Detalle!$C$2:$C$1370,$B69) -> 50.159497
A70: piernas | B70: media pierna der: ancho | C70: =SUMIFS(Detalle!$I$2:$I$1370,Detalle!$A$2:$A$1370,"2a3facb9-object_2",Detalle!$B$2:$B$1370,$A70,Detalle!$C$2:$C$1370,$B70) -> 13.175429 | D70: =SUMIFS(Detalle!$I$2:$I$1370,Detalle!$A$2:$A$1370,"2f639739-object_1",Detalle!$B$2:$B$1370,$A70,Detalle!$C$2:$C$1370,$B70) -> 9.1933027 | E70: =SUMIFS(Detalle!$I$2:$I$1370,Detalle!$A$2:$A$1370,"5dc9e0d5-object_0",Detalle!$B$2:$B$1370,$A70,Detalle!$C$2:$C$1370,$B70) -> 12.976689 | F70: =SUMIFS(Detalle!$I$2:$I$1370,Detalle!$A$2:$A$1370,"a501b501-object_3",Detalle!$B$2:$B$1370,$A70,Detalle!$C$2:$C$1370,$B70) -> 10.00055 | G70: =SUMIFS(Detalle!$I$2:$I$1370,Detalle!$A$2:$A$1370,"2b65e967-object_0-1",Detalle!$B$2:$B$1370,$A70,Detalle!$C$2:$C$1370,$B70) -> 12.120548 | H70: =SUMIFS(Detalle!$I$2:$I$1370,Detalle!$A$2:$A$1370,"5ed925a3-object_2",Detalle!$B$2:$B$1370,$A70,Detalle!$C$2:$C$1370,$B70) -> 12.968353 | I70: =SUMIFS(Detalle!$I$2:$I$1370,Detalle!$A$2:$A$1370,"70ef0058-object_0",Detalle!$B$2:$B$1370,$A70,Detalle!$C$2:$C$1370,$B70) -> 14.501596 | J70: =SUMIFS(Detalle!$I$2:$I$1370,Detalle!$A$2:$A$1370,"80c13944-object_3",Detalle!$B$2:$B$1370,$A70,Detalle!$C$2:$C$1370,$B70) -> 13.32939 | K70: =SUMIFS(Detalle!$I$2:$I$1370,Detalle!$A$2:$A$1370,"fba550bc-object_1",Detalle!$B$2:$B$1370,$A70,Detalle!$C$2:$C$1370,$B70) -> 19.886927
A71: piernas | B71: media pierna der: fondo | C71: =SUMIFS(Detalle!$I$2:$I$1370,Detalle!$A$2:$A$1370,"2a3facb9-object_2",Detalle!$B$2:$B$1370,$A71,Detalle!$C$2:$C$1370,$B71) -> 13.675183 | D71: =SUMIFS(Detalle!$I$2:$I$1370,Detalle!$A$2:$A$1370,"2f639739-object_1",Detalle!$B$2:$B$1370,$A71,Detalle!$C$2:$C$1370,$B71) -> 12.482134 | E71: =SUMIFS(Detalle!$I$2:$I$1370,Detalle!$A$2:$A$1370,"5dc9e0d5-object_0",Detalle!$B$2:$B$1370,$A71,Detalle!$C$2:$C$1370,$B71) -> 12.776751 | F71: =SUMIFS(Detalle!$I$2:$I$1370,Detalle!$A$2:$A$1370,"a501b501-object_3",Detalle!$B$2:$B$1370,$A71,Detalle!$C$2:$C$1370,$B71) -> 9.9103009 | G71: =SUMIFS(Detalle!$I$2:$I$1370,Detalle!$A$2:$A$1370,"2b65e967-object_0-1",Detalle!$B$2:$B$1370,$A71,Detalle!$C$2:$C$1370,$B71) -> 11.792992 | H71: =SUMIFS(Detalle!$I$2:$I$1370,Detalle!$A$2:$A$1370,"5ed925a3-object_2",Detalle!$B$2:$B$1370,$A71,Detalle!$C$2:$C$1370,$B71) -> 12.0276 | I71: =SUMIFS(Detalle!$I$2:$I$1370,Detalle!$A$2:$A$1370,"70ef0058-object_0",Detalle!$B$2:$B$1370,$A71,Detalle!$C$2:$C$1370,$B71) -> 15.625294 | J71: =SUMIFS(Detalle!$I$2:$I$1370,Detalle!$A$2:$A$1370,"80c13944-object_3",Detalle!$B$2:$B$1370,$A71,Detalle!$C$2:$C$1370,$B71) -> 11.743692 | K71: =SUMIFS(Detalle!$I$2:$I$1370,Detalle!$A$2:$A$1370,"fba550bc-object_1",Detalle!$B$2:$B$1370,$A71,Detalle!$C$2:$C$1370,$B71) -> 15.6928
A72: piernas | B72: media pierna der: contorno | C72: =SUMIFS(Detalle!$I$2:$I$1370,Detalle!$A$2:$A$1370,"2a3facb9-object_2",Detalle!$B$2:$B$1370,$A72,Detalle!$C$2:$C$1370,$B72) -> 41.212337 | D72: =SUMIFS(Detalle!$I$2:$I$1370,Detalle!$A$2:$A$1370,"2f639739-object_1",Detalle!$B$2:$B$1370,$A72,Detalle!$C$2:$C$1370,$B72) -> 38.214812 | E72: =SUMIFS(Detalle!$I$2:$I$1370,Detalle!$A$2:$A$1370,"5dc9e0d5-object_0",Detalle!$B$2:$B$1370,$A72,Detalle!$C$2:$C$1370,$B72) -> 41.42574 | F72: =SUMIFS(Detalle!$I$2:$I$1370,Detalle!$A$2:$A$1370,"a501b501-object_3",Detalle!$B$2:$B$1370,$A72,Detalle!$C$2:$C$1370,$B72) -> 32.718623 | G72: =SUMIFS(Detalle!$I$2:$I$1370,Detalle!$A$2:$A$1370,"2b65e967-object_0-1",Detalle!$B$2:$B$1370,$A72,Detalle!$C$2:$C$1370,$B72) -> 37.305275 | H72: =SUMIFS(Detalle!$I$2:$I$1370,Detalle!$A$2:$A$1370,"5ed925a3-object_2",Detalle!$B$2:$B$1370,$A72,Detalle!$C$2:$C$1370,$B72) -> 38.21682 | I72: =SUMIFS(Detalle!$I$2:$I$1370,Detalle!$A$2:$A$1370,"70ef0058-object_0",Detalle!$B$2:$B$1370,$A72,Detalle!$C$2:$C$1370,$B72) -> 47.382592 | J72: =SUMIFS(Detalle!$I$2:$I$1370,Detalle!$A$2:$A$1370,"80c13944-object_3",Detalle!$B$2:$B$1370,$A72,Detalle!$C$2:$C$1370,$B72) -> 39.791982 | K72: =SUMIFS(Detalle!$I$2:$I$1370,Detalle!$A$2:$A$1370,"fba550bc-object_1",Detalle!$B$2:$B$1370,$A72,Detalle!$C$2:$C$1370,$B72) -> 81.283534
A73: piernas | B73: media pierna: separación entre piernas | C73: =SUMIFS(Detalle!$I$2:$I$1370,Detalle!$A$2:$A$1370,"2a3facb9-object_2",Detalle!$B$2:$B$1370,$A73,Detalle!$C$2:$C$1370,$B73) -> 5.0819938 | D73: =SUMIFS(Detalle!$I$2:$I$1370,Detalle!$A$2:$A$1370,"2f639739-object_1",Detalle!$B$2:$B$1370,$A73,Detalle!$C$2:$C$1370,$B73) -> 2.110032 | E73: =SUMIFS(Detalle!$I$2:$I$1370,Detalle!$A$2:$A$1370,"5dc9e0d5-object_0",Detalle!$B$2:$B$1370,$A73,Detalle!$C$2:$C$1370,$B73) -> 6.6669694 | F73: =SUMIFS(Detalle!$I$2:$I$1370,Detalle!$A$2:$A$1370,"a501b501-object_3",Detalle!$B$2:$B$1370,$A73,Detalle!$C$2:$C$1370,$B73) -> 2.6077239 | G73: =SUMIFS(Detalle!$I$2:$I$1370,Detalle!$A$2:$A$1370,"2b65e967-object_0-1",Detalle!$B$2:$B$1370,$A73,Detalle!$C$2:$C$1370,$B73) -> 3.706913 | H73: =SUMIFS(Detalle!$I$2:$I$1370,Detalle!$A$2:$A$1370,"5ed925a3-object_2",Detalle!$B$2:$B$1370,$A73,Detalle!$C$2:$C$1370,$B73) -> 4.5898535 | I73: =SUMIFS(Detalle!$I$2:$I$1370,Detalle!$A$2:$A$1370,"70ef0058-object_0",Detalle!$B$2:$B$1370,$A73,Detalle!$C$2:$C$1370,$B73) -> 6.0405888 | J73: =SUMIFS(Detalle!$I$2:$I$1370,Detalle!$A$2:$A$1370,"80c13944-object_3",Detalle!$B$2:$B$1370,$A73,Detalle!$C$2:$C$1370,$B73) -> 5.2389951
A74: piernas | B74: pantorrilla/bastilla (sobre el dobladillo) izq: ancho | C74: =SUMIFS(Detalle!$I$2:$I$1370,Detalle!$A$2:$A$1370,"2a3facb9-object_2",Detalle!$B$2:$B$1370,$A74,Detalle!$C$2:$C$1370,$B74) -> 16.329941 | D74: =SUMIFS(Detalle!$I$2:$I$1370,Detalle!$A$2:$A$1370,"2f639739-object_1",Detalle!$B$2:$B$1370,$A74,Detalle!$C$2:$C$1370,$B74) -> 21.729711 | E74: =SUMIFS(Detalle!$I$2:$I$1370,Detalle!$A$2:$A$1370,"5dc9e0d5-object_0",Detalle!$B$2:$B$1370,$A74,Detalle!$C$2:$C$1370,$B74) -> 14.490941 | F74: =SUMIFS(Detalle!$I$2:$I$1370,Detalle!$A$2:$A$1370,"a501b501-object_3",Detalle!$B$2:$B$1370,$A74,Detalle!$C$2:$C$1370,$B74) -> 10.538245 | G74: =SUMIFS(Detalle!$I$2:$I$1370,Detalle!$A$2:$A$1370,"2b65e967-object_0-1",Detalle!$B$2:$B$1370,$A74,Detalle!$C$2:$C$1370,$B74) -> 17.113883 | H74: =SUMIFS(Detalle!$I$2:$I$1370,Detalle!$A$2:$A$1370,"5ed925a3-object_2",Detalle!$B$2:$B$1370,$A74,Detalle!$C$2:$C$1370,$B74) -> 16.935468 | I74: =SUMIFS(Detalle!$I$2:$I$1370,Detalle!$A$2:$A$1370,"70ef0058-object_0",Detalle!$B$2:$B$1370,$A74,Detalle!$C$2:$C$1370,$B74) -> 15.185131 | J74: =SUMIFS(Detalle!$I$2:$I$1370,Detalle!$A$2:$A$1370,"80c13944-object_3",Detalle!$B$2:$B$1370,$A74,Detalle!$C$2:$C$1370,$B74) -> 19.479805 | K74: =SUMIFS(Detalle!$I$2:$I$1370,Detalle!$A$2:$A$1370,"fba550bc-object_1",Detalle!$B$2:$B$1370,$A74,Detalle!$C$2:$C$1370,$B74) -> 10.186821
A75: piernas | B75: pantorrilla/bastilla (sobre el dobladillo) izq: fondo | C75: =SUMIFS(Detalle!$I$2:$I$1370,Detalle!$A$2:$A$1370,"2a3facb9-object_2",Detalle!$B$2:$B$1370,$A75,Detalle!$C$2:$C$1370,$B75) -> 16.657812 | D75: =SUMIFS(Detalle!$I$2:$I$1370,Detalle!$A$2:$A$1370,"2f639739-object_1",Detalle!$B$2:$B$1370,$A75,Detalle!$C$2:$C$1370,$B75) -> 12.500226 | E75: =SUMIFS(Detalle!$I$2:$I$1370,Detalle!$A$2:$A$1370,"5dc9e0d5-object_0",Detalle!$B$2:$B$1370,$A75,Detalle!$C$2:$C$1370,$B75) -> 16.962256 | F75: =SUMIFS(Detalle!$I$2:$I$1370,Detalle!$A$2:$A$1370,"a501b501-object_3",Detalle!$B$2:$B$1370,$A75,Detalle!$C$2:$C$1370,$B75) -> 10.908741 | G75: =SUMIFS(Detalle!$I$2:$I$1370,Detalle!$A$2:$A$1370,"2b65e967-object_0-1",Detalle!$B$2:$B$1370,$A75,Detalle!$C$2:$C$1370,$B75) -> 20.147591 | H75: =SUMIFS(Detalle!$I$2:$I$1370,Detalle!$A$2:$A$1370,"5ed925a3-object_2",Detalle!$B$2:$B$1370,$A75,Detalle!$C$2:$C$1370,$B75) -> 15.490637 | I75: =SUMIFS(Detalle!$I$2:$I$1370,Detalle!$A$2:$A$1370,"70ef0058-object_0",Detalle!$B$2:$B$1370,$A75,Detalle!$C$2:$C$1370,$B75) -> 15.487446 | J75: =SUMIFS(Detalle!$I$2:$I$1370,Detalle!$A$2:$A$1370,"80c13944-object_3",Detalle!$B$2:$B$1370,$A75,Detalle!$C$2:$C$1370,$B75) -> 21.641688 | K75: =SUMIFS(Detalle!$I$2:$I$1370,Detalle!$A$2:$A$1370,"fba550bc-object_1",Detalle!$B$2:$B$1370,$A75,Detalle!$C$2:$C$1370,$B75) -> 13.827688
A76: piernas | B76: pantorrilla/bastilla (sobre el dobladillo) izq: contorno | C76: =SUMIFS(Detalle!$I$2:$I$1370,Detalle!$A$2:$A$1370,"2a3facb9-object_2",Detalle!$B$2:$B$1370,$A76,Detalle!$C$2:$C$1370,$B76) -> 50.332106 | D76: =SUMIFS(Detalle!$I$2:$I$1370,Detalle!$A$2:$A$1370,"2f639739-object_1",Detalle!$B$2:$B$1370,$A76,Detalle!$C$2:$C$1370,$B76) -> 86.027603 | E76: =SUMIFS(Detalle!$I$2:$I$1370,Detalle!$A$2:$A$1370,"5dc9e0d5-object_0",Detalle!$B$2:$B$1370,$A76,Detalle!$C$2:$C$1370,$B76) -> 48.958431 | F76: =SUMIFS(Detalle!$I$2:$I$1370,Detalle!$A$2:$A$1370,"a501b501-object_3",Detalle!$B$2:$B$1370,$A76,Detalle!$C$2:$C$1370,$B76) -> 35.547695 | G76: =SUMIFS(Detalle!$I$2:$I$1370,Detalle!$A$2:$A$1370,"2b65e967-object_0-1",Detalle!$B$2:$B$1370,$A76,Detalle!$C$2:$C$1370,$B76) -> 59.156351 | H76: =SUMIFS(Detalle!$I$2:$I$1370,Detalle!$A$2:$A$1370,"5ed925a3-object_2",Detalle!$B$2:$B$1370,$A76,Detalle!$C$2:$C$1370,$B76) -> 47.469622 | I76: =SUMIFS(Detalle!$I$2:$I$1370,Detalle!$A$2:$A$1370,"70ef0058-object_0",Detalle!$B$2:$B$1370,$A76,Detalle!$C$2:$C$1370,$B76) -> 46.362517 | J76: =SUMIFS(Detalle!$I$2:$I$1370,Detalle!$A$2:$A$1370,"80c13944-object_3",Detalle!$B$2:$B$1370,$A76,Detalle!$C$2:$C$1370,$B76) -> 62.039378 | K76: =SUMIFS(Detalle!$I$2:$I$1370,Detalle!$A$2:$A$1370,"fba550bc-object_1",Detalle!$B$2:$B$1370,$A76,Detalle!$C$2:$C$1370,$B76) -> 40.173113
A77: piernas | B77: pantorrilla/bastilla (sobre el dobladillo) der: ancho | C77: =SUMIFS(Detalle!$I$2:$I$1370,Detalle!$A$2:$A$1370,"2a3facb9-object_2",Detalle!$B$2:$B$1370,$A77,Detalle!$C$2:$C$1370,$B77) -> 14.781995 | E77: =SUMIFS(Detalle!$I$2:$I$1370,Detalle!$A$2:$A$1370,"5dc9e0d5-object_0",Detalle!$B$2:$B$1370,$A77,Detalle!$C$2:$C$1370,$B77) -> 14.488911 | F77: =SUMIFS(Detalle!$I$2:$I$1370,Detalle!$A$2:$A$1370,"a501b501-object_3",Detalle!$B$2:$B$1370,$A77,Detalle!$C$2:$C$1370,$B77) -> 10.214298 | G77: =SUMIFS(Detalle!$I$2:$I$1370,Detalle!$A$2:$A$1370,"2b65e967-object_0-1",Detalle!$B$2:$B$1370,$A77,Detalle!$C$2:$C$1370,$B77) -> 15.622739 | H77: =SUMIFS(Detalle!$I$2:$I$1370,Detalle!$A$2:$A$1370,"5ed925a3-object_2",Detalle!$B$2:$B$1370,$A77,Detalle!$C$2:$C$1370,$B77) -> 15.928263 | I77: =SUMIFS(Detalle!$I$2:$I$1370,Detalle!$A$2:$A$1370,"70ef0058-object_0",Detalle!$B$2:$B$1370,$A77,Detalle!$C$2:$C$1370,$B77) -> 14.25347 | J77: =SUMIFS(Detalle!$I$2:$I$1370,Detalle!$A$2:$A$1370,"80c13944-object_3",Detalle!$B$2:$B$1370,$A77,Detalle!$C$2:$C$1370,$B77) -> 16.868402 | K77: =SUMIFS(Detalle!$I$2:$I$1370,Detalle!$A$2:$A$1370,"fba550bc-object_1",Detalle!$B$2:$B$1370,$A77,Detalle!$C$2:$C$1370,$B77) -> 9.2133887
A78: piernas | B78: pantorrilla/bastilla (sobre el dobladillo) der: fondo | C78: =SUMIFS(Detalle!$I$2:$I$1370,Detalle!$A$2:$A$1370,"2a3facb9-object_2",Detalle!$B$2:$B$1370,$A78,Detalle!$C$2:$C$1370,$B78) -> 16.24847 | E78: =SUMIFS(Detalle!$I$2:$I$1370,Detalle!$A$2:$A$1370,"5dc9e0d5-object_0",Detalle!$B$2:$B$1370,$A78,Detalle!$C$2:$C$1370,$B78) -> 16.814078 | F78: =SUMIFS(Detalle!$I$2:$I$1370,Detalle!$A$2:$A$1370,"a501b501-object_3",Detalle!$B$2:$B$1370,$A78,Detalle!$C$2:$C$1370,$B78) -> 11.297287 | G78: =SUMIFS(Detalle!$I$2:$I$1370,Detalle!$A$2:$A$1370,"2b65e967-object_0-1",Detalle!$B$2:$B$1370,$A78,Detalle!$C$2:$C$1370,$B78) -> 20.468482 | H78: =SUMIFS(Detalle!$I$2:$I$1370,Detalle!$A$2:$A$1370,"5ed925a3-object_2",Detalle!$B$2:$B$1370,$A78,Detalle!$C$2:$C$1370,$B78) -> 14.768222 | I78: =SUMIFS(Detalle!$I$2:$I$1370,Detalle!$A$2:$A$1370,"70ef0058-object_0",Detalle!$B$2:$B$1370,$A78,Detalle!$C$2:$C$1370,$B78) -> 15.312522 | J78: =SUMIFS(Detalle!$I$2:$I$1370,Detalle!$A$2:$A$1370,"80c13944-object_3",Detalle!$B$2:$B$1370,$A78,Detalle!$C$2:$C$1370,$B78) -> 22.767391 | K78: =SUMIFS(Detalle!$I$2:$I$1370,Detalle!$A$2:$A$1370,"fba550bc-object_1",Detalle!$B$2:$B$1370,$A78,Detalle!$C$2:$C$1370,$B78) -> 13.225947
A79: piernas | B79: pantorrilla/bastilla (sobre el dobladillo) der: contorno | C79: =SUMIFS(Detalle!$I$2:$I$1370,Detalle!$A$2:$A$1370,"2a3facb9-object_2",Detalle!$B$2:$B$1370,$A79,Detalle!$C$2:$C$1370,$B79) -> 48.059864 | E79: =SUMIFS(Detalle!$I$2:$I$1370,Detalle!$A$2:$A$1370,"5dc9e0d5-object_0",Detalle!$B$2:$B$1370,$A79,Detalle!$C$2:$C$1370,$B79) -> 48.730076 | F79: =SUMIFS(Detalle!$I$2:$I$1370,Detalle!$A$2:$A$1370,"a501b501-object_3",Detalle!$B$2:$B$1370,$A79,Detalle!$C$2:$C$1370,$B79) -> 36.507185 | G79: =SUMIFS(Detalle!$I$2:$I$1370,Detalle!$A$2:$A$1370,"2b65e967-object_0-1",Detalle!$B$2:$B$1370,$A79,Detalle!$C$2:$C$1370,$B79) -> 57.962293 | H79: =SUMIFS(Detalle!$I$2:$I$1370,Detalle!$A$2:$A$1370,"5ed925a3-object_2",Detalle!$B$2:$B$1370,$A79,Detalle!$C$2:$C$1370,$B79) -> 47.151608 | I79: =SUMIFS(Detalle!$I$2:$I$1370,Detalle!$A$2:$A$1370,"70ef0058-object_0",Detalle!$B$2:$B$1370,$A79,Detalle!$C$2:$C$1370,$B79) -> 46.948133 | J79: =SUMIFS(Detalle!$I$2:$I$1370,Detalle!$A$2:$A$1370,"80c13944-object_3",Detalle!$B$2:$B$1370,$A79,Detalle!$C$2:$C$1370,$B79) -> 64.277451 | K79: =SUMIFS(Detalle!$I$2:$I$1370,Detalle!$A$2:$A$1370,"fba550bc-object_1",Detalle!$B$2:$B$1370,$A79,Detalle!$C$2:$C$1370,$B79) -> 38.52284
A80: piernas | B80: pantorrilla/bastilla (sobre el dobladillo): separación entre piernas | C80: =SUMIFS(Detalle!$I$2:$I$1370,Detalle!$A$2:$A$1370,"2a3facb9-object_2",Detalle!$B$2:$B$1370,$A80,Detalle!$C$2:$C$1370,$B80) -> 4.4779171 | E80: =SUMIFS(Detalle!$I$2:$I$1370,Detalle!$A$2:$A$1370,"5dc9e0d5-object_0",Detalle!$B$2:$B$1370,$A80,Detalle!$C$2:$C$1370,$B80) -> 7.1104867 | F80: =SUMIFS(Detalle!$I$2:$I$1370,Detalle!$A$2:$A$1370,"a501b501-object_3",Detalle!$B$2:$B$1370,$A80,Detalle!$C$2:$C$1370,$B80) -> 3.4057159 | G80: =SUMIFS(Detalle!$I$2:$I$1370,Detalle!$A$2:$A$1370,"2b65e967-object_0-1",Detalle!$B$2:$B$1370,$A80,Detalle!$C$2:$C$1370,$B80) -> 3.2736622 | H80: =SUMIFS(Detalle!$I$2:$I$1370,Detalle!$A$2:$A$1370,"5ed925a3-object_2",Detalle!$B$2:$B$1370,$A80,Detalle!$C$2:$C$1370,$B80) -> 3.1782481 | I80: =SUMIFS(Detalle!$I$2:$I$1370,Detalle!$A$2:$A$1370,"70ef0058-object_0",Detalle!$B$2:$B$1370,$A80,Detalle!$C$2:$C$1370,$B80) -> 6.1527685 | J80: =SUMIFS(Detalle!$I$2:$I$1370,Detalle!$A$2:$A$1370,"80c13944-object_3",Detalle!$B$2:$B$1370,$A80,Detalle!$C$2:$C$1370,$B80) -> 4.4628124 | K80: =SUMIFS(Detalle!$I$2:$I$1370,Detalle!$A$2:$A$1370,"fba550bc-object_1",Detalle!$B$2:$B$1370,$A80,Detalle!$C$2:$C$1370,$B80) -> 0.4087657
A81: zapatos | B81: zapato izq largo (Z) | C81: =SUMIFS(Detalle!$I$2:$I$1370,Detalle!$A$2:$A$1370,"2a3facb9-object_2",Detalle!$B$2:$B$1370,$A81,Detalle!$C$2:$C$1370,$B81) -> 21.303638 | D81: =SUMIFS(Detalle!$I$2:$I$1370,Detalle!$A$2:$A$1370,"2f639739-object_1",Detalle!$B$2:$B$1370,$A81,Detalle!$C$2:$C$1370,$B81) -> 20.007217 | E81: =SUMIFS(Detalle!$I$2:$I$1370,Detalle!$A$2:$A$1370,"5dc9e0d5-object_0",Detalle!$B$2:$B$1370,$A81,Detalle!$C$2:$C$1370,$B81) -> 25.129268 | F81: =SUMIFS(Detalle!$I$2:$I$1370,Detalle!$A$2:$A$1370,"a501b501-object_3",Detalle!$B$2:$B$1370,$A81,Detalle!$C$2:$C$1370,$B81) -> 15.235948 | G81: =SUMIFS(Detalle!$I$2:$I$1370,Detalle!$A$2:$A$1370,"2b65e967-object_0-1",Detalle!$B$2:$B$1370,$A81,Detalle!$C$2:$C$1370,$B81) -> 23.561226 | H81: =SUMIFS(Detalle!$I$2:$I$1370,Detalle!$A$2:$A$1370,"5ed925a3-object_2",Detalle!$B$2:$B$1370,$A81,Detalle!$C$2:$C$1370,$B81) -> 17.807872 | I81: =SUMIFS(Detalle!$I$2:$I$1370,Detalle!$A$2:$A$1370,"70ef0058-object_0",Detalle!$B$2:$B$1370,$A81,Detalle!$C$2:$C$1370,$B81) -> 21.654475 | J81: =SUMIFS(Detalle!$I$2:$I$1370,Detalle!$A$2:$A$1370,"80c13944-object_3",Detalle!$B$2:$B$1370,$A81,Detalle!$C$2:$C$1370,$B81) -> 23.150244 | K81: =SUMIFS(Detalle!$I$2:$I$1370,Detalle!$A$2:$A$1370,"fba550bc-object_1",Detalle!$B$2:$B$1370,$A81,Detalle!$C$2:$C$1370,$B81) -> 21.674088 | L81: =SUMIFS(Detalle!$I$2:$I$1370,Detalle!$A$2:$A$1370,"38448021-object_5",Detalle!$B$2:$B$1370,$A81,Detalle!$C$2:$C$1370,$B81) -> 19.64836
A82: zapatos | B82: zapato izq ancho (X) | C82: =SUMIFS(Detalle!$I$2:$I$1370,Detalle!$A$2:$A$1370,"2a3facb9-object_2",Detalle!$B$2:$B$1370,$A82,Detalle!$C$2:$C$1370,$B82) -> 20.574375 | D82: =SUMIFS(Detalle!$I$2:$I$1370,Detalle!$A$2:$A$1370,"2f639739-object_1",Detalle!$B$2:$B$1370,$A82,Detalle!$C$2:$C$1370,$B82) -> 12.265037 | E82: =SUMIFS(Detalle!$I$2:$I$1370,Detalle!$A$2:$A$1370,"5dc9e0d5-object_0",Detalle!$B$2:$B$1370,$A82,Detalle!$C$2:$C$1370,$B82) -> 19.564495 | F82: =SUMIFS(Detalle!$I$2:$I$1370,Detalle!$A$2:$A$1370,"a501b501-object_3",Detalle!$B$2:$B$1370,$A82,Detalle!$C$2:$C$1370,$B82) -> 9.5445546 | G82: =SUMIFS(Detalle!$I$2:$I$1370,Detalle!$A$2:$A$1370,"2b65e967-object_0-1",Detalle!$B$2:$B$1370,$A82,Detalle!$C$2:$C$1370,$B82) -> 21.674919 | H82: =SUMIFS(Detalle!$I$2:$I$1370,Detalle!$A$2:$A$1370,"5ed925a3-object_2",Detalle!$B$2:$B$1370,$A82,Detalle!$C$2:$C$1370,$B82) -> 19.547935 | I82: =SUMIFS(Detalle!$I$2:$I$1370,Detalle!$A$2:$A$1370,"70ef0058-object_0",Detalle!$B$2:$B$1370,$A82,Detalle!$C$2:$C$1370,$B82) -> 22.120305 | J82: =SUMIFS(Detalle!$I$2:$I$1370,Detalle!$A$2:$A$1370,"80c13944-object_3",Detalle!$B$2:$B$1370,$A82,Detalle!$C$2:$C$1370,$B82) -> 20.739792 | K82: =SUMIFS(Detalle!$I$2:$I$1370,Detalle!$A$2:$A$1370,"fba550bc-object_1",Detalle!$B$2:$B$1370,$A82,Detalle!$C$2:$C$1370,$B82) -> 10.489118 | L82: =SUMIFS(Detalle!$I$2:$I$1370,Detalle!$A$2:$A$1370,"38448021-object_5",Detalle!$B$2:$B$1370,$A82,Detalle!$C$2:$C$1370,$B82) -> 17.58626
A83: zapatos | B83: zapato izq alto | C83: =SUMIFS(Detalle!$I$2:$I$1370,Detalle!$A$2:$A$1370,"2a3facb9-object_2",Detalle!$B$2:$B$1370,$A83,Detalle!$C$2:$C$1370,$B83) -> 8.8733698 | D83: =SUMIFS(Detalle!$I$2:$I$1370,Detalle!$A$2:$A$1370,"2f639739-object_1",Detalle!$B$2:$B$1370,$A83,Detalle!$C$2:$C$1370,$B83) -> 9.6132143 | E83: =SUMIFS(Detalle!$I$2:$I$1370,Detalle!$A$2:$A$1370,"5dc9e0d5-object_0",Detalle!$B$2:$B$1370,$A83,Detalle!$C$2:$C$1370,$B83) -> 11.680644 | F83: =SUMIFS(Detalle!$I$2:$I$1370,Detalle!$A$2:$A$1370,"a501b501-object_3",Detalle!$B$2:$B$1370,$A83,Detalle!$C$2:$C$1370,$B83) -> 5.9279407 | G83: =SUMIFS(Detalle!$I$2:$I$1370,Detalle!$A$2:$A$1370,"2b65e967-object_0-1",Detalle!$B$2:$B$1370,$A83,Detalle!$C$2:$C$1370,$B83) -> 9.8419349 | H83: =SUMIFS(Detalle!$I$2:$I$1370,Detalle!$A$2:$A$1370,"5ed925a3-object_2",Detalle!$B$2:$B$1370,$A83,Detalle!$C$2:$C$1370,$B83) -> 7.8468933 | I83: =SUMIFS(Detalle!$I$2:$I$1370,Detalle!$A$2:$A$1370,"70ef0058-object_0",Detalle!$B$2:$B$1370,$A83,Detalle!$C$2:$C$1370,$B83) -> 10.501156 | J83: =SUMIFS(Detalle!$I$2:$I$1370,Detalle!$A$2:$A$1370,"80c13944-object_3",Detalle!$B$2:$B$1370,$A83,Detalle!$C$2:$C$1370,$B83) -> 8.9999098 | K83: =SUMIFS(Detalle!$I$2:$I$1370,Detalle!$A$2:$A$1370,"fba550bc-object_1",Detalle!$B$2:$B$1370,$A83,Detalle!$C$2:$C$1370,$B83) -> 11.915045 | L83: =SUMIFS(Detalle!$I$2:$I$1370,Detalle!$A$2:$A$1370,"38448021-object_5",Detalle!$B$2:$B$1370,$A83,Detalle!$C$2:$C$1370,$B83) -> 21.890929
A84: zapatos | B84: zapato izq centro X | C84: =SUMIFS(Detalle!$I$2:$I$1370,Detalle!$A$2:$A$1370,"2a3facb9-object_2",Detalle!$B$2:$B$1370,$A84,Detalle!$C$2:$C$1370,$B84) -> -11.455599 | D84: =SUMIFS(Detalle!$I$2:$I$1370,Detalle!$A$2:$A$1370,"2f639739-object_1",Detalle!$B$2:$B$1370,$A84,Detalle!$C$2:$C$1370,$B84) -> -5.0875004 | E84: =SUMIFS(Detalle!$I$2:$I$1370,Detalle!$A$2:$A$1370,"5dc9e0d5-object_0",Detalle!$B$2:$B$1370,$A84,Detalle!$C$2:$C$1370,$B84) -> -12.91072 | F84: =SUMIFS(Detalle!$I$2:$I$1370,Detalle!$A$2:$A$1370,"a501b501-object_3",Detalle!$B$2:$B$1370,$A84,Detalle!$C$2:$C$1370,$B84) -> -6.7791322 | G84: =SUMIFS(Detalle!$I$2:$I$1370,Detalle!$A$2:$A$1370,"2b65e967-object_0-1",Detalle!$B$2:$B$1370,$A84,Detalle!$C$2:$C$1370,$B84) -> -12.36812 | H84: =SUMIFS(Detalle!$I$2:$I$1370,Detalle!$A$2:$A$1370,"5ed925a3-object_2",Detalle!$B$2:$B$1370,$A84,Detalle!$C$2:$C$1370,$B84) -> -10.536253 | I84: =SUMIFS(Detalle!$I$2:$I$1370,Detalle!$A$2:$A$1370,"70ef0058-object_0",Detalle!$B$2:$B$1370,$A84,Detalle!$C$2:$C$1370,$B84) -> -12.146774 | J84: =SUMIFS(Detalle!$I$2:$I$1370,Detalle!$A$2:$A$1370,"80c13944-object_3",Detalle!$B$2:$B$1370,$A84,Detalle!$C$2:$C$1370,$B84) -> -11.182745 | K84: =SUMIFS(Detalle!$I$2:$I$1370,Detalle!$A$2:$A$1370,"fba550bc-object_1",Detalle!$B$2:$B$1370,$A84,Detalle!$C$2:$C$1370,$B84) -> -4.9717316 | L84: =SUMIFS(Detalle!$I$2:$I$1370,Detalle!$A$2:$A$1370,"38448021-object_5",Detalle!$B$2:$B$1370,$A84,Detalle!$C$2:$C$1370,$B84) -> -3.5286501
A85: zapatos | B85: zapato der largo (Z) | C85: =SUMIFS(Detalle!$I$2:$I$1370,Detalle!$A$2:$A$1370,"2a3facb9-object_2",Detalle!$B$2:$B$1370,$A85,Detalle!$C$2:$C$1370,$B85) -> 20.935032 | D85: =SUMIFS(Detalle!$I$2:$I$1370,Detalle!$A$2:$A$1370,"2f639739-object_1",Detalle!$B$2:$B$1370,$A85,Detalle!$C$2:$C$1370,$B85) -> 20.000551 | E85: =SUMIFS(Detalle!$I$2:$I$1370,Detalle!$A$2:$A$1370,"5dc9e0d5-object_0",Detalle!$B$2:$B$1370,$A85,Detalle!$C$2:$C$1370,$B85) -> 24.917151 | F85: =SUMIFS(Detalle!$I$2:$I$1370,Detalle!$A$2:$A$1370,"a501b501-object_3",Detalle!$B$2:$B$1370,$A85,Detalle!$C$2:$C$1370,$B85) -> 15.360396 | G85: =SUMIFS(Detalle!$I$2:$I$1370,Detalle!$A$2:$A$1370,"2b65e967-object_0-1",Detalle!$B$2:$B$1370,$A85,Detalle!$C$2:$C$1370,$B85) -> 24.161112 | H85: =SUMIFS(Detalle!$I$2:$I$1370,Detalle!$A$2:$A$1370,"5ed925a3-object_2",Detalle!$B$2:$B$1370,$A85,Detalle!$C$2:$C$1370,$B85) -> 16.90509 | I85: =SUMIFS(Detalle!$I$2:$I$1370,Detalle!$A$2:$A$1370,"70ef0058-object_0",Detalle!$B$2:$B$1370,$A85,Detalle!$C$2:$C$1370,$B85) -> 24.631989 | J85: =SUMIFS(Detalle!$I$2:$I$1370,Detalle!$A$2:$A$1370,"80c13944-object_3",Detalle!$B$2:$B$1370,$A85,Detalle!$C$2:$C$1370,$B85) -> 24.31309 | K85: =SUMIFS(Detalle!$I$2:$I$1370,Detalle!$A$2:$A$1370,"fba550bc-object_1",Detalle!$B$2:$B$1370,$A85,Detalle!$C$2:$C$1370,$B85) -> 21.179767 | L85: =SUMIFS(Detalle!$I$2:$I$1370,Detalle!$A$2:$A$1370,"38448021-object_5",Detalle!$B$2:$B$1370,$A85,Detalle!$C$2:$C$1370,$B85) -> 19.520132
A86: zapatos | B86: zapato der ancho (X) | C86: =SUMIFS(Detalle!$I$2:$I$1370,Detalle!$A$2:$A$1370,"2a3facb9-object_2",Detalle!$B$2:$B$1370,$A86,Detalle!$C$2:$C$1370,$B86) -> 18.893293 | D86: =SUMIFS(Detalle!$I$2:$I$1370,Detalle!$A$2:$A$1370,"2f639739-object_1",Detalle!$B$2:$B$1370,$A86,Detalle!$C$2:$C$1370,$B86) -> 12.211715 | E86: =SUMIFS(Detalle!$I$2:$I$1370,Detalle!$A$2:$A$1370,"5dc9e0d5-object_0",Detalle!$B$2:$B$1370,$A86,Detalle!$C$2:$C$1370,$B86) -> 19.607121 | F86: =SUMIFS(Detalle!$I$2:$I$1370,Detalle!$A$2:$A$1370,"a501b501-object_3",Detalle!$B$2:$B$1370,$A86,Detalle!$C$2:$C$1370,$B86) -> 10.192448 | G86: =SUMIFS(Detalle!$I$2:$I$1370,Detalle!$A$2:$A$1370,"2b65e967-object_0-1",Detalle!$B$2:$B$1370,$A86,Detalle!$C$2:$C$1370,$B86) -> 19.462959 | H86: =SUMIFS(Detalle!$I$2:$I$1370,Detalle!$A$2:$A$1370,"5ed925a3-object_2",Detalle!$B$2:$B$1370,$A86,Detalle!$C$2:$C$1370,$B86) -> 18.615724 | I86: =SUMIFS(Detalle!$I$2:$I$1370,Detalle!$A$2:$A$1370,"70ef0058-object_0",Detalle!$B$2:$B$1370,$A86,Detalle!$C$2:$C$1370,$B86) -> 17.657837 | J86: =SUMIFS(Detalle!$I$2:$I$1370,Detalle!$A$2:$A$1370,"80c13944-object_3",Detalle!$B$2:$B$1370,$A86,Detalle!$C$2:$C$1370,$B86) -> 18.182675 | K86: =SUMIFS(Detalle!$I$2:$I$1370,Detalle!$A$2:$A$1370,"fba550bc-object_1",Detalle!$B$2:$B$1370,$A86,Detalle!$C$2:$C$1370,$B86) -> 11.40076 | L86: =SUMIFS(Detalle!$I$2:$I$1370,Detalle!$A$2:$A$1370,"38448021-object_5",Detalle!$B$2:$B$1370,$A86,Detalle!$C$2:$C$1370,$B86) -> 14.371057
A87: zapatos | B87: zapato der alto | C87: =SUMIFS(Detalle!$I$2:$I$1370,Detalle!$A$2:$A$1370,"2a3facb9-object_2",Detalle!$B$2:$B$1370,$A87,Detalle!$C$2:$C$1370,$B87) -> 11.805328 | D87: =SUMIFS(Detalle!$I$2:$I$1370,Detalle!$A$2:$A$1370,"2f639739-object_1",Detalle!$B$2:$B$1370,$A87,Detalle!$C$2:$C$1370,$B87) -> 9.5265658 | E87: =SUMIFS(Detalle!$I$2:$I$1370,Detalle!$A$2:$A$1370,"5dc9e0d5-object_0",Detalle!$B$2:$B$1370,$A87,Detalle!$C$2:$C$1370,$B87) -> 11.602496 | F87: =SUMIFS(Detalle!$I$2:$I$1370,Detalle!$A$2:$A$1370,"a501b501-object_3",Detalle!$B$2:$B$1370,$A87,Detalle!$C$2:$C$1370,$B87) -> 6.0447896 | G87: =SUMIFS(Detalle!$I$2:$I$1370,Detalle!$A$2:$A$1370,"2b65e967-object_0-1",Detalle!$B$2:$B$1370,$A87,Detalle!$C$2:$C$1370,$B87) -> 11.157875 | H87: =SUMIFS(Detalle!$I$2:$I$1370,Detalle!$A$2:$A$1370,"5ed925a3-object_2",Detalle!$B$2:$B$1370,$A87,Detalle!$C$2:$C$1370,$B87) -> 7.836451 | I87: =SUMIFS(Detalle!$I$2:$I$1370,Detalle!$A$2:$A$1370,"70ef0058-object_0",Detalle!$B$2:$B$1370,$A87,Detalle!$C$2:$C$1370,$B87) -> 10.847202 | J87: =SUMIFS(Detalle!$I$2:$I$1370,Detalle!$A$2:$A$1370,"80c13944-object_3",Detalle!$B$2:$B$1370,$A87,Detalle!$C$2:$C$1370,$B87) -> 11.399886 | K87: =SUMIFS(Detalle!$I$2:$I$1370,Detalle!$A$2:$A$1370,"fba550bc-object_1",Detalle!$B$2:$B$1370,$A87,Detalle!$C$2:$C$1370,$B87) -> 12.282934 | L87: =SUMIFS(Detalle!$I$2:$I$1370,Detalle!$A$2:$A$1370,"38448021-object_5",Detalle!$B$2:$B$1370,$A87,Detalle!$C$2:$C$1370,$B87) -> 21.399862
A88: zapatos | B88: zapato der centro X | C88: =SUMIFS(Detalle!$I$2:$I$1370,Detalle!$A$2:$A$1370,"2a3facb9-object_2",Detalle!$B$2:$B$1370,$A88,Detalle!$C$2:$C$1370,$B88) -> 12.850539 | D88: =SUMIFS(Detalle!$I$2:$I$1370,Detalle!$A$2:$A$1370,"2f639739-object_1",Detalle!$B$2:$B$1370,$A88,Detalle!$C$2:$C$1370,$B88) -> 4.8485031 | E88: =SUMIFS(Detalle!$I$2:$I$1370,Detalle!$A$2:$A$1370,"5dc9e0d5-object_0",Detalle!$B$2:$B$1370,$A88,Detalle!$C$2:$C$1370,$B88) -> 12.923914 | F88: =SUMIFS(Detalle!$I$2:$I$1370,Detalle!$A$2:$A$1370,"a501b501-object_3",Detalle!$B$2:$B$1370,$A88,Detalle!$C$2:$C$1370,$B88) -> 7.3918761 | G88: =SUMIFS(Detalle!$I$2:$I$1370,Detalle!$A$2:$A$1370,"2b65e967-object_0-1",Detalle!$B$2:$B$1370,$A88,Detalle!$C$2:$C$1370,$B88) -> 11.358789 | H88: =SUMIFS(Detalle!$I$2:$I$1370,Detalle!$A$2:$A$1370,"5ed925a3-object_2",Detalle!$B$2:$B$1370,$A88,Detalle!$C$2:$C$1370,$B88) -> 11.759898 | I88: =SUMIFS(Detalle!$I$2:$I$1370,Detalle!$A$2:$A$1370,"70ef0058-object_0",Detalle!$B$2:$B$1370,$A88,Detalle!$C$2:$C$1370,$B88) -> 12.74665 | J88: =SUMIFS(Detalle!$I$2:$I$1370,Detalle!$A$2:$A$1370,"80c13944-object_3",Detalle!$B$2:$B$1370,$A88,Detalle!$C$2:$C$1370,$B88) -> 12.403685 | K88: =SUMIFS(Detalle!$I$2:$I$1370,Detalle!$A$2:$A$1370,"fba550bc-object_1",Detalle!$B$2:$B$1370,$A88,Detalle!$C$2:$C$1370,$B88) -> 5.4527443 | L88: =SUMIFS(Detalle!$I$2:$I$1370,Detalle!$A$2:$A$1370,"38448021-object_5",Detalle!$B$2:$B$1370,$A88,Detalle!$C$2:$C$1370,$B88) -> 3.4963556
A89: zapatos | B89: ancho de postura (borde a borde) | C89: =SUMIFS(Detalle!$I$2:$I$1370,Detalle!$A$2:$A$1370,"2a3facb9-object_2",Detalle!$B$2:$B$1370,$A89,Detalle!$C$2:$C$1370,$B89) -> 44.039972 | D89: =SUMIFS(Detalle!$I$2:$I$1370,Detalle!$A$2:$A$1370,"2f639739-object_1",Detalle!$B$2:$B$1370,$A89,Detalle!$C$2:$C$1370,$B89) -> 22.175332 | E89: =SUMIFS(Detalle!$I$2:$I$1370,Detalle!$A$2:$A$1370,"5dc9e0d5-object_0",Detalle!$B$2:$B$1370,$A89,Detalle!$C$2:$C$1370,$B89) -> 45.420441 | F89: =SUMIFS(Detalle!$I$2:$I$1370,Detalle!$A$2:$A$1370,"a501b501-object_3",Detalle!$B$2:$B$1370,$A89,Detalle!$C$2:$C$1370,$B89) -> 24.03951 | G89: =SUMIFS(Detalle!$I$2:$I$1370,Detalle!$A$2:$A$1370,"2b65e967-object_0-1",Detalle!$B$2:$B$1370,$A89,Detalle!$C$2:$C$1370,$B89) -> 44.296325 | H89: =SUMIFS(Detalle!$I$2:$I$1370,Detalle!$A$2:$A$1370,"5ed925a3-object_2",Detalle!$B$2:$B$1370,$A89,Detalle!$C$2:$C$1370,$B89) -> 41.37798 | I89: =SUMIFS(Detalle!$I$2:$I$1370,Detalle!$A$2:$A$1370,"70ef0058-object_0",Detalle!$B$2:$B$1370,$A89,Detalle!$C$2:$C$1370,$B89) -> 44.782496 | J89: =SUMIFS(Detalle!$I$2:$I$1370,Detalle!$A$2:$A$1370,"80c13944-object_3",Detalle!$B$2:$B$1370,$A89,Detalle!$C$2:$C$1370,$B89) -> 43.04814 | K89: =SUMIFS(Detalle!$I$2:$I$1370,Detalle!$A$2:$A$1370,"fba550bc-object_1",Detalle!$B$2:$B$1370,$A89,Detalle!$C$2:$C$1370,$B89) -> 21.36894 | L89: =SUMIFS(Detalle!$I$2:$I$1370,Detalle!$A$2:$A$1370,"38448021-object_5",Detalle!$B$2:$B$1370,$A89,Detalle!$C$2:$C$1370,$B89) -> 23.003189
A90: zapatos | B90: tobillo aprox (tope del zapato) | C90: =SUMIFS(Detalle!$I$2:$I$1370,Detalle!$A$2:$A$1370,"2a3facb9-object_2",Detalle!$B$2:$B$1370,$A90,Detalle!$C$2:$C$1370,$B90) -> 11.805328 | D90: =SUMIFS(Detalle!$I$2:$I$1370,Detalle!$A$2:$A$1370,"2f639739-object_1",Detalle!$B$2:$B$1370,$A90,Detalle!$C$2:$C$1370,$B90) -> 9.6141664 | E90: =SUMIFS(Detalle!$I$2:$I$1370,Detalle!$A$2:$A$1370,"5dc9e0d5-object_0",Detalle!$B$2:$B$1370,$A90,Detalle!$C$2:$C$1370,$B90) -> 11.699927 | F90: =SUMIFS(Detalle!$I$2:$I$1370,Detalle!$A$2:$A$1370,"a501b501-object_3",Detalle!$B$2:$B$1370,$A90,Detalle!$C$2:$C$1370,$B90) -> 6.0675893 | G90: =SUMIFS(Detalle!$I$2:$I$1370,Detalle!$A$2:$A$1370,"2b65e967-object_0-1",Detalle!$B$2:$B$1370,$A90,Detalle!$C$2:$C$1370,$B90) -> 11.157875 | H90: =SUMIFS(Detalle!$I$2:$I$1370,Detalle!$A$2:$A$1370,"5ed925a3-object_2",Detalle!$B$2:$B$1370,$A90,Detalle!$C$2:$C$1370,$B90) -> 7.8516398 | I90: =SUMIFS(Detalle!$I$2:$I$1370,Detalle!$A$2:$A$1370,"70ef0058-object_0",Detalle!$B$2:$B$1370,$A90,Detalle!$C$2:$C$1370,$B90) -> 10.867166 | J90: =SUMIFS(Detalle!$I$2:$I$1370,Detalle!$A$2:$A$1370,"80c13944-object_3",Detalle!$B$2:$B$1370,$A90,Detalle!$C$2:$C$1370,$B90) -> 11.432266 | K90: =SUMIFS(Detalle!$I$2:$I$1370,Detalle!$A$2:$A$1370,"fba550bc-object_1",Detalle!$B$2:$B$1370,$A90,Detalle!$C$2:$C$1370,$B90) -> 12.282934 | L90: =SUMIFS(Detalle!$I$2:$I$1370,Detalle!$A$2:$A$1370,"38448021-object_5",Detalle!$B$2:$B$1370,$A90,Detalle!$C$2:$C$1370,$B90) -> 21.890929
A91: general | B91: pose | C91: =SUMIFS(Detalle!$I$2:$I$1370,Detalle!$A$2:$A$1370,"2a3facb9-object_2",Detalle!$B$2:$B$1370,$A91,Detalle!$C$2:$C$1370,$B91) -> 1 | D91: =SUMIFS(Detalle!$I$2:$I$1370,Detalle!$A$2:$A$1370,"2f639739-object_1",Detalle!$B$2:$B$1370,$A91,Detalle!$C$2:$C$1370,$B91) -> 1 | E91: =SUMIFS(Detalle!$I$2:$I$1370,Detalle!$A$2:$A$1370,"5dc9e0d5-object_0",Detalle!$B$2:$B$1370,$A91,Detalle!$C$2:$C$1370,$B91) -> 1 | F91: =SUMIFS(Detalle!$I$2:$I$1370,Detalle!$A$2:$A$1370,"a501b501-object_3",Detalle!$B$2:$B$1370,$A91,Detalle!$C$2:$C$1370,$B91) -> 1 | G91: =SUMIFS(Detalle!$I$2:$I$1370,Detalle!$A$2:$A$1370,"2b65e967-object_0-1",Detalle!$B$2:$B$1370,$A91,Detalle!$C$2:$C$1370,$B91) -> 0 | H91: =SUMIFS(Detalle!$I$2:$I$1370,Detalle!$A$2:$A$1370,"5ed925a3-object_2",Detalle!$B$2:$B$1370,$A91,Detalle!$C$2:$C$1370,$B91) -> 0 | I91: =SUMIFS(Detalle!$I$2:$I$1370,Detalle!$A$2:$A$1370,"70ef0058-object_0",Detalle!$B$2:$B$1370,$A91,Detalle!$C$2:$C$1370,$B91) -> 0 | J91: =SUMIFS(Detalle!$I$2:$I$1370,Detalle!$A$2:$A$1370,"80c13944-object_3",Detalle!$B$2:$B$1370,$A91,Detalle!$C$2:$C$1370,$B91) -> 0 | K91: =SUMIFS(Detalle!$I$2:$I$1370,Detalle!$A$2:$A$1370,"fba550bc-object_1",Detalle!$B$2:$B$1370,$A91,Detalle!$C$2:$C$1370,$B91) -> 0 | L91: =SUMIFS(Detalle!$I$2:$I$1370,Detalle!$A$2:$A$1370,"38448021-object_5",Detalle!$B$2:$B$1370,$A91,Detalle!$C$2:$C$1370,$B91) -> 0
A92: tronco | B92: pecho (80% del tronco): alto | C92: =SUMIFS(Detalle!$I$2:$I$1370,Detalle!$A$2:$A$1370,"2a3facb9-object_2",Detalle!$B$2:$B$1370,$A92,Detalle!$C$2:$C$1370,$B92) -> 46.976897 | D92: =SUMIFS(Detalle!$I$2:$I$1370,Detalle!$A$2:$A$1370,"2f639739-object_1",Detalle!$B$2:$B$1370,$A92,Detalle!$C$2:$C$1370,$B92) -> 44.625843 | E92: =SUMIFS(Detalle!$I$2:$I$1370,Detalle!$A$2:$A$1370,"5dc9e0d5-object_0",Detalle!$B$2:$B$1370,$A92,Detalle!$C$2:$C$1370,$B92) -> 45.326054 | F92: =SUMIFS(Detalle!$I$2:$I$1370,Detalle!$A$2:$A$1370,"a501b501-object_3",Detalle!$B$2:$B$1370,$A92,Detalle!$C$2:$C$1370,$B92) -> 33.915611 | G92: =SUMIFS(Detalle!$I$2:$I$1370,Detalle!$A$2:$A$1370,"2b65e967-object_0-1",Detalle!$B$2:$B$1370,$A92,Detalle!$C$2:$C$1370,$B92) -> 46.71015 | H92: =SUMIFS(Detalle!$I$2:$I$1370,Detalle!$A$2:$A$1370,"5ed925a3-object_2",Detalle!$B$2:$B$1370,$A92,Detalle!$C$2:$C$1370,$B92) -> 46.290595 | I92: =SUMIFS(Detalle!$I$2:$I$1370,Detalle!$A$2:$A$1370,"70ef0058-object_0",Detalle!$B$2:$B$1370,$A92,Detalle!$C$2:$C$1370,$B92) -> 41.970399 | J92: =SUMIFS(Detalle!$I$2:$I$1370,Detalle!$A$2:$A$1370,"80c13944-object_3",Detalle!$B$2:$B$1370,$A92,Detalle!$C$2:$C$1370,$B92) -> 46.277631 | K92: =SUMIFS(Detalle!$I$2:$I$1370,Detalle!$A$2:$A$1370,"fba550bc-object_1",Detalle!$B$2:$B$1370,$A92,Detalle!$C$2:$C$1370,$B92) -> 45.998499
A93: tronco | B93: pecho (80% del tronco): ancho sección central | C93: =SUMIFS(Detalle!$I$2:$I$1370,Detalle!$A$2:$A$1370,"2a3facb9-object_2",Detalle!$B$2:$B$1370,$A93,Detalle!$C$2:$C$1370,$B93) -> 98.622473 | D93: =SUMIFS(Detalle!$I$2:$I$1370,Detalle!$A$2:$A$1370,"2f639739-object_1",Detalle!$B$2:$B$1370,$A93,Detalle!$C$2:$C$1370,$B93) -> 78.923385 | E93: =SUMIFS(Detalle!$I$2:$I$1370,Detalle!$A$2:$A$1370,"5dc9e0d5-object_0",Detalle!$B$2:$B$1370,$A93,Detalle!$C$2:$C$1370,$B93) -> 101.33408 | F93: =SUMIFS(Detalle!$I$2:$I$1370,Detalle!$A$2:$A$1370,"a501b501-object_3",Detalle!$B$2:$B$1370,$A93,Detalle!$C$2:$C$1370,$B93) -> 63.343467 | G93: =SUMIFS(Detalle!$I$2:$I$1370,Detalle!$A$2:$A$1370,"2b65e967-object_0-1",Detalle!$B$2:$B$1370,$A93,Detalle!$C$2:$C$1370,$B93) -> 33.378404 | H93: =SUMIFS(Detalle!$I$2:$I$1370,Detalle!$A$2:$A$1370,"5ed925a3-object_2",Detalle!$B$2:$B$1370,$A93,Detalle!$C$2:$C$1370,$B93) -> 31.642934 | I93: =SUMIFS(Detalle!$I$2:$I$1370,Detalle!$A$2:$A$1370,"70ef0058-object_0",Detalle!$B$2:$B$1370,$A93,Detalle!$C$2:$C$1370,$B93) -> 36.813938 | J93: =SUMIFS(Detalle!$I$2:$I$1370,Detalle!$A$2:$A$1370,"80c13944-object_3",Detalle!$B$2:$B$1370,$A93,Detalle!$C$2:$C$1370,$B93) -> 31.332067 | K93: =SUMIFS(Detalle!$I$2:$I$1370,Detalle!$A$2:$A$1370,"fba550bc-object_1",Detalle!$B$2:$B$1370,$A93,Detalle!$C$2:$C$1370,$B93) -> 26.357783
A94: tronco | B94: pecho (80% del tronco): fondo sección central | C94: =SUMIFS(Detalle!$I$2:$I$1370,Detalle!$A$2:$A$1370,"2a3facb9-object_2",Detalle!$B$2:$B$1370,$A94,Detalle!$C$2:$C$1370,$B94) -> 14.813788 | D94: =SUMIFS(Detalle!$I$2:$I$1370,Detalle!$A$2:$A$1370,"2f639739-object_1",Detalle!$B$2:$B$1370,$A94,Detalle!$C$2:$C$1370,$B94) -> 16.818364 | E94: =SUMIFS(Detalle!$I$2:$I$1370,Detalle!$A$2:$A$1370,"5dc9e0d5-object_0",Detalle!$B$2:$B$1370,$A94,Detalle!$C$2:$C$1370,$B94) -> 18.738355 | F94: =SUMIFS(Detalle!$I$2:$I$1370,Detalle!$A$2:$A$1370,"a501b501-object_3",Detalle!$B$2:$B$1370,$A94,Detalle!$C$2:$C$1370,$B94) -> 12.98827 | G94: =SUMIFS(Detalle!$I$2:$I$1370,Detalle!$A$2:$A$1370,"2b65e967-object_0-1",Detalle!$B$2:$B$1370,$A94,Detalle!$C$2:$C$1370,$B94) -> 16.746334 | H94: =SUMIFS(Detalle!$I$2:$I$1370,Detalle!$A$2:$A$1370,"5ed925a3-object_2",Detalle!$B$2:$B$1370,$A94,Detalle!$C$2:$C$1370,$B94) -> 14.379959 | I94: =SUMIFS(Detalle!$I$2:$I$1370,Detalle!$A$2:$A$1370,"70ef0058-object_0",Detalle!$B$2:$B$1370,$A94,Detalle!$C$2:$C$1370,$B94) -> 20.116283 | J94: =SUMIFS(Detalle!$I$2:$I$1370,Detalle!$A$2:$A$1370,"80c13944-object_3",Detalle!$B$2:$B$1370,$A94,Detalle!$C$2:$C$1370,$B94) -> 18.757907 | K94: =SUMIFS(Detalle!$I$2:$I$1370,Detalle!$A$2:$A$1370,"fba550bc-object_1",Detalle!$B$2:$B$1370,$A94,Detalle!$C$2:$C$1370,$B94) -> 16.833542
A95: tronco | B95: pecho (80% del tronco): contorno sección central | C95: =SUMIFS(Detalle!$I$2:$I$1370,Detalle!$A$2:$A$1370,"2a3facb9-object_2",Detalle!$B$2:$B$1370,$A95,Detalle!$C$2:$C$1370,$B95) -> 239.43891 | D95: =SUMIFS(Detalle!$I$2:$I$1370,Detalle!$A$2:$A$1370,"2f639739-object_1",Detalle!$B$2:$B$1370,$A95,Detalle!$C$2:$C$1370,$B95) -> 207.92861 | E95: =SUMIFS(Detalle!$I$2:$I$1370,Detalle!$A$2:$A$1370,"5dc9e0d5-object_0",Detalle!$B$2:$B$1370,$A95,Detalle!$C$2:$C$1370,$B95) -> 273.66646 | F95: =SUMIFS(Detalle!$I$2:$I$1370,Detalle!$A$2:$A$1370,"a501b501-object_3",Detalle!$B$2:$B$1370,$A95,Detalle!$C$2:$C$1370,$B95) -> 154.06186 | G95: =SUMIFS(Detalle!$I$2:$I$1370,Detalle!$A$2:$A$1370,"2b65e967-object_0-1",Detalle!$B$2:$B$1370,$A95,Detalle!$C$2:$C$1370,$B95) -> 88.521234 | H95: =SUMIFS(Detalle!$I$2:$I$1370,Detalle!$A$2:$A$1370,"5ed925a3-object_2",Detalle!$B$2:$B$1370,$A95,Detalle!$C$2:$C$1370,$B95) -> 76.05392 | I95: =SUMIFS(Detalle!$I$2:$I$1370,Detalle!$A$2:$A$1370,"70ef0058-object_0",Detalle!$B$2:$B$1370,$A95,Detalle!$C$2:$C$1370,$B95) -> 99.216244 | J95: =SUMIFS(Detalle!$I$2:$I$1370,Detalle!$A$2:$A$1370,"80c13944-object_3",Detalle!$B$2:$B$1370,$A95,Detalle!$C$2:$C$1370,$B95) -> 90.637187 | K95: =SUMIFS(Detalle!$I$2:$I$1370,Detalle!$A$2:$A$1370,"fba550bc-object_1",Detalle!$B$2:$B$1370,$A95,Detalle!$C$2:$C$1370,$B95) -> 72.517887
A96: tronco | B96: pecho (80% del tronco): ancho total silueta (incl. brazos) | C96: =SUMIFS(Detalle!$I$2:$I$1370,Detalle!$A$2:$A$1370,"2a3facb9-object_2",Detalle!$B$2:$B$1370,$A96,Detalle!$C$2:$C$1370,$B96) -> 98.622473 | D96: =SUMIFS(Detalle!$I$2:$I$1370,Detalle!$A$2:$A$1370,"2f639739-object_1",Detalle!$B$2:$B$1370,$A96,Detalle!$C$2:$C$1370,$B96) -> 78.923385 | E96: =SUMIFS(Detalle!$I$2:$I$1370,Detalle!$A$2:$A$1370,"5dc9e0d5-object_0",Detalle!$B$2:$B$1370,$A96,Detalle!$C$2:$C$1370,$B96) -> 101.33408 | F96: =SUMIFS(Detalle!$I$2:$I$1370,Detalle!$A$2:$A$1370,"a501b501-object_3",Detalle!$B$2:$B$1370,$A96,Detalle!$C$2:$C$1370,$B96) -> 63.343467 | G96: =SUMIFS(Detalle!$I$2:$I$1370,Detalle!$A$2:$A$1370,"2b65e967-object_0-1",Detalle!$B$2:$B$1370,$A96,Detalle!$C$2:$C$1370,$B96) -> 33.378404 | H96: =SUMIFS(Detalle!$I$2:$I$1370,Detalle!$A$2:$A$1370,"5ed925a3-object_2",Detalle!$B$2:$B$1370,$A96,Detalle!$C$2:$C$1370,$B96) -> 31.642934 | I96: =SUMIFS(Detalle!$I$2:$I$1370,Detalle!$A$2:$A$1370,"70ef0058-object_0",Detalle!$B$2:$B$1370,$A96,Detalle!$C$2:$C$1370,$B96) -> 36.813938 | J96: =SUMIFS(Detalle!$I$2:$I$1370,Detalle!$A$2:$A$1370,"80c13944-object_3",Detalle!$B$2:$B$1370,$A96,Detalle!$C$2:$C$1370,$B96) -> 31.332067 | K96: =SUMIFS(Detalle!$I$2:$I$1370,Detalle!$A$2:$A$1370,"fba550bc-object_1",Detalle!$B$2:$B$1370,$A96,Detalle!$C$2:$C$1370,$B96) -> 26.357783
A97: tronco | B97: pecho (80% del tronco): piezas en el corte | C97: =SUMIFS(Detalle!$I$2:$I$1370,Detalle!$A$2:$A$1370,"2a3facb9-object_2",Detalle!$B$2:$B$1370,$A97,Detalle!$C$2:$C$1370,$B97) -> 1 | D97: =SUMIFS(Detalle!$I$2:$I$1370,Detalle!$A$2:$A$1370,"2f639739-object_1",Detalle!$B$2:$B$1370,$A97,Detalle!$C$2:$C$1370,$B97) -> 1 | E97: =SUMIFS(Detalle!$I$2:$I$1370,Detalle!$A$2:$A$1370,"5dc9e0d5-object_0",Detalle!$B$2:$B$1370,$A97,Detalle!$C$2:$C$1370,$B97) -> 1 | F97: =SUMIFS(Detalle!$I$2:$I$1370,Detalle!$A$2:$A$1370,"a501b501-object_3",Detalle!$B$2:$B$1370,$A97,Detalle!$C$2:$C$1370,$B97) -> 1 | G97: =SUMIFS(Detalle!$I$2:$I$1370,Detalle!$A$2:$A$1370,"2b65e967-object_0-1",Detalle!$B$2:$B$1370,$A97,Detalle!$C$2:$C$1370,$B97) -> 1 | H97: =SUMIFS(Detalle!$I$2:$I$1370,Detalle!$A$2:$A$1370,"5ed925a3-object_2",Detalle!$B$2:$B$1370,$A97,Detalle!$C$2:$C$1370,$B97) -> 1 | I97: =SUMIFS(Detalle!$I$2:$I$1370,Detalle!$A$2:$A$1370,"70ef0058-object_0",Detalle!$B$2:$B$1370,$A97,Detalle!$C$2:$C$1370,$B97) -> 1 | J97: =SUMIFS(Detalle!$I$2:$I$1370,Detalle!$A$2:$A$1370,"80c13944-object_3",Detalle!$B$2:$B$1370,$A97,Detalle!$C$2:$C$1370,$B97) -> 1 | K97: =SUMIFS(Detalle!$I$2:$I$1370,Detalle!$A$2:$A$1370,"fba550bc-object_1",Detalle!$B$2:$B$1370,$A97,Detalle!$C$2:$C$1370,$B97) -> 1
A98: tronco | B98: cintura (borde inferior chaleco): alto | C98: =SUMIFS(Detalle!$I$2:$I$1370,Detalle!$A$2:$A$1370,"2a3facb9-object_2",Detalle!$B$2:$B$1370,$A98,Detalle!$C$2:$C$1370,$B98) -> 27.55007 | D98: =SUMIFS(Detalle!$I$2:$I$1370,Detalle!$A$2:$A$1370,"2f639739-object_1",Detalle!$B$2:$B$1370,$A98,Detalle!$C$2:$C$1370,$B98) -> 26.600114 | E98: =SUMIFS(Detalle!$I$2:$I$1370,Detalle!$A$2:$A$1370,"5dc9e0d5-object_0",Detalle!$B$2:$B$1370,$A98,Detalle!$C$2:$C$1370,$B98) -> 33.249594 | F98: =SUMIFS(Detalle!$I$2:$I$1370,Detalle!$A$2:$A$1370,"a501b501-object_3",Detalle!$B$2:$B$1370,$A98,Detalle!$C$2:$C$1370,$B98) -> 19.949801 | G98: =SUMIFS(Detalle!$I$2:$I$1370,Detalle!$A$2:$A$1370,"2b65e967-object_0-1",Detalle!$B$2:$B$1370,$A98,Detalle!$C$2:$C$1370,$B98) -> 29.449629 | H98: =SUMIFS(Detalle!$I$2:$I$1370,Detalle!$A$2:$A$1370,"5ed925a3-object_2",Detalle!$B$2:$B$1370,$A98,Detalle!$C$2:$C$1370,$B98) -> 30.400304 | I98: =SUMIFS(Detalle!$I$2:$I$1370,Detalle!$A$2:$A$1370,"70ef0058-object_0",Detalle!$B$2:$B$1370,$A98,Detalle!$C$2:$C$1370,$B98) -> 27.54961 | J98: =SUMIFS(Detalle!$I$2:$I$1370,Detalle!$A$2:$A$1370,"80c13944-object_3",Detalle!$B$2:$B$1370,$A98,Detalle!$C$2:$C$1370,$B98) -> 30.399695 | K98: =SUMIFS(Detalle!$I$2:$I$1370,Detalle!$A$2:$A$1370,"fba550bc-object_1",Detalle!$B$2:$B$1370,$A98,Detalle!$C$2:$C$1370,$B98) -> 27.549857 | L98: =SUMIFS(Detalle!$I$2:$I$1370,Detalle!$A$2:$A$1370,"38448021-object_5",Detalle!$B$2:$B$1370,$A98,Detalle!$C$2:$C$1370,$B98) -> 33.250047
A99: tronco | B99: cintura (borde inferior chaleco): ancho sección central | C99: =SUMIFS(Detalle!$I$2:$I$1370,Detalle!$A$2:$A$1370,"2a3facb9-object_2",Detalle!$B$2:$B$1370,$A99,Detalle!$C$2:$C$1370,$B99) -> 30.083615 | D99: =SUMIFS(Detalle!$I$2:$I$1370,Detalle!$A$2:$A$1370,"2f639739-object_1",Detalle!$B$2:$B$1370,$A99,Detalle!$C$2:$C$1370,$B99) -> 21.51547 | E99: =SUMIFS(Detalle!$I$2:$I$1370,Detalle!$A$2:$A$1370,"5dc9e0d5-object_0",Detalle!$B$2:$B$1370,$A99,Detalle!$C$2:$C$1370,$B99) -> 23.523674 | F99: =SUMIFS(Detalle!$I$2:$I$1370,Detalle!$A$2:$A$1370,"a501b501-object_3",Detalle!$B$2:$B$1370,$A99,Detalle!$C$2:$C$1370,$B99) -> 23.03537 | G99: =SUMIFS(Detalle!$I$2:$I$1370,Detalle!$A$2:$A$1370,"2b65e967-object_0-1",Detalle!$B$2:$B$1370,$A99,Detalle!$C$2:$C$1370,$B99) -> 23.038469 | H99: =SUMIFS(Detalle!$I$2:$I$1370,Detalle!$A$2:$A$1370,"5ed925a3-object_2",Detalle!$B$2:$B$1370,$A99,Detalle!$C$2:$C$1370,$B99) -> 22.290455 | I99: =SUMIFS(Detalle!$I$2:$I$1370,Detalle!$A$2:$A$1370,"70ef0058-object_0",Detalle!$B$2:$B$1370,$A99,Detalle!$C$2:$C$1370,$B99) -> 40.017713 | J99: =SUMIFS(Detalle!$I$2:$I$1370,Detalle!$A$2:$A$1370,"80c13944-object_3",Detalle!$B$2:$B$1370,$A99,Detalle!$C$2:$C$1370,$B99) -> 21.123598 | K99: =SUMIFS(Detalle!$I$2:$I$1370,Detalle!$A$2:$A$1370,"fba550bc-object_1",Detalle!$B$2:$B$1370,$A99,Detalle!$C$2:$C$1370,$B99) -> 2.5105819 | L99: =SUMIFS(Detalle!$I$2:$I$1370,Detalle!$A$2:$A$1370,"38448021-object_5",Detalle!$B$2:$B$1370,$A99,Detalle!$C$2:$C$1370,$B99) -> 41.11946
A100: tronco | B100: cintura (borde inferior chaleco): fondo sección central | C100: =SUMIFS(Detalle!$I$2:$I$1370,Detalle!$A$2:$A$1370,"2a3facb9-object_2",Detalle!$B$2:$B$1370,$A100,Detalle!$C$2:$C$1370,$B100) -> 16.005051 | D100: =SUMIFS(Detalle!$I$2:$I$1370,Detalle!$A$2:$A$1370,"2f639739-object_1",Detalle!$B$2:$B$1370,$A100,Detalle!$C$2:$C$1370,$B100) -> 16.095659 | E100: =SUMIFS(Detalle!$I$2:$I$1370,Detalle!$A$2:$A$1370,"5dc9e0d5-object_0",Detalle!$B$2:$B$1370,$A100,Detalle!$C$2:$C$1370,$B100) -> 20.188667 | F100: =SUMIFS(Detalle!$I$2:$I$1370,Detalle!$A$2:$A$1370,"a501b501-object_3",Detalle!$B$2:$B$1370,$A100,Detalle!$C$2:$C$1370,$B100) -> 12.00408 | G100: =SUMIFS(Detalle!$I$2:$I$1370,Detalle!$A$2:$A$1370,"2b65e967-object_0-1",Detalle!$B$2:$B$1370,$A100,Detalle!$C$2:$C$1370,$B100) -> 15.883641 | H100: =SUMIFS(Detalle!$I$2:$I$1370,Detalle!$A$2:$A$1370,"5ed925a3-object_2",Detalle!$B$2:$B$1370,$A100,Detalle!$C$2:$C$1370,$B100) -> 14.023023 | I100: =SUMIFS(Detalle!$I$2:$I$1370,Detalle!$A$2:$A$1370,"70ef0058-object_0",Detalle!$B$2:$B$1370,$A100,Detalle!$C$2:$C$1370,$B100) -> 18.665553 | J100: =SUMIFS(Detalle!$I$2:$I$1370,Detalle!$A$2:$A$1370,"80c13944-object_3",Detalle!$B$2:$B$1370,$A100,Detalle!$C$2:$C$1370,$B100) -> 18.872192 | K100: =SUMIFS(Detalle!$I$2:$I$1370,Detalle!$A$2:$A$1370,"fba550bc-object_1",Detalle!$B$2:$B$1370,$A100,Detalle!$C$2:$C$1370,$B100) -> 2.1778656 | L100: =SUMIFS(Detalle!$I$2:$I$1370,Detalle!$A$2:$A$1370,"38448021-object_5",Detalle!$B$2:$B$1370,$A100,Detalle!$C$2:$C$1370,$B100) -> 29.611216
A101: tronco | B101: cintura (borde inferior chaleco): contorno sección central | C101: =SUMIFS(Detalle!$I$2:$I$1370,Detalle!$A$2:$A$1370,"2a3facb9-object_2",Detalle!$B$2:$B$1370,$A101,Detalle!$C$2:$C$1370,$B101) -> 77.050577 | D101: =SUMIFS(Detalle!$I$2:$I$1370,Detalle!$A$2:$A$1370,"2f639739-object_1",Detalle!$B$2:$B$1370,$A101,Detalle!$C$2:$C$1370,$B101) -> 70.085245 | E101: =SUMIFS(Detalle!$I$2:$I$1370,Detalle!$A$2:$A$1370,"5dc9e0d5-object_0",Detalle!$B$2:$B$1370,$A101,Detalle!$C$2:$C$1370,$B101) -> 73.091054 | F101: =SUMIFS(Detalle!$I$2:$I$1370,Detalle!$A$2:$A$1370,"a501b501-object_3",Detalle!$B$2:$B$1370,$A101,Detalle!$C$2:$C$1370,$B101) -> 60.143899 | G101: =SUMIFS(Detalle!$I$2:$I$1370,Detalle!$A$2:$A$1370,"2b65e967-object_0-1",Detalle!$B$2:$B$1370,$A101,Detalle!$C$2:$C$1370,$B101) -> 61.557799 | H101: =SUMIFS(Detalle!$I$2:$I$1370,Detalle!$A$2:$A$1370,"5ed925a3-object_2",Detalle!$B$2:$B$1370,$A101,Detalle!$C$2:$C$1370,$B101) -> 57.735326 | I101: =SUMIFS(Detalle!$I$2:$I$1370,Detalle!$A$2:$A$1370,"70ef0058-object_0",Detalle!$B$2:$B$1370,$A101,Detalle!$C$2:$C$1370,$B101) -> 108.99394 | J101: =SUMIFS(Detalle!$I$2:$I$1370,Detalle!$A$2:$A$1370,"80c13944-object_3",Detalle!$B$2:$B$1370,$A101,Detalle!$C$2:$C$1370,$B101) -> 77.394462 | K101: =SUMIFS(Detalle!$I$2:$I$1370,Detalle!$A$2:$A$1370,"fba550bc-object_1",Detalle!$B$2:$B$1370,$A101,Detalle!$C$2:$C$1370,$B101) -> 7.498474 | L101: =SUMIFS(Detalle!$I$2:$I$1370,Detalle!$A$2:$A$1370,"38448021-object_5",Detalle!$B$2:$B$1370,$A101,Detalle!$C$2:$C$1370,$B101) -> 198.74041
A102: tronco | B102: cintura (borde inferior chaleco): ancho total silueta (incl. brazos) | C102: =SUMIFS(Detalle!$I$2:$I$1370,Detalle!$A$2:$A$1370,"2a3facb9-object_2",Detalle!$B$2:$B$1370,$A102,Detalle!$C$2:$C$1370,$B102) -> 30.083615 | D102: =SUMIFS(Detalle!$I$2:$I$1370,Detalle!$A$2:$A$1370,"2f639739-object_1",Detalle!$B$2:$B$1370,$A102,Detalle!$C$2:$C$1370,$B102) -> 21.51547 | E102: =SUMIFS(Detalle!$I$2:$I$1370,Detalle!$A$2:$A$1370,"5dc9e0d5-object_0",Detalle!$B$2:$B$1370,$A102,Detalle!$C$2:$C$1370,$B102) -> 23.523674 | F102: =SUMIFS(Detalle!$I$2:$I$1370,Detalle!$A$2:$A$1370,"a501b501-object_3",Detalle!$B$2:$B$1370,$A102,Detalle!$C$2:$C$1370,$B102) -> 23.03537 | G102: =SUMIFS(Detalle!$I$2:$I$1370,Detalle!$A$2:$A$1370,"2b65e967-object_0-1",Detalle!$B$2:$B$1370,$A102,Detalle!$C$2:$C$1370,$B102) -> 45.824605 | H102: =SUMIFS(Detalle!$I$2:$I$1370,Detalle!$A$2:$A$1370,"5ed925a3-object_2",Detalle!$B$2:$B$1370,$A102,Detalle!$C$2:$C$1370,$B102) -> 42.402272 | I102: =SUMIFS(Detalle!$I$2:$I$1370,Detalle!$A$2:$A$1370,"70ef0058-object_0",Detalle!$B$2:$B$1370,$A102,Detalle!$C$2:$C$1370,$B102) -> 41.162325 | J102: =SUMIFS(Detalle!$I$2:$I$1370,Detalle!$A$2:$A$1370,"80c13944-object_3",Detalle!$B$2:$B$1370,$A102,Detalle!$C$2:$C$1370,$B102) -> 39.833886 | K102: =SUMIFS(Detalle!$I$2:$I$1370,Detalle!$A$2:$A$1370,"fba550bc-object_1",Detalle!$B$2:$B$1370,$A102,Detalle!$C$2:$C$1370,$B102) -> 35.161455 | L102: =SUMIFS(Detalle!$I$2:$I$1370,Detalle!$A$2:$A$1370,"38448021-object_5",Detalle!$B$2:$B$1370,$A102,Detalle!$C$2:$C$1370,$B102) -> 52.950648
A103: tronco | B103: cintura (borde inferior chaleco): piezas en el corte | C103: =SUMIFS(Detalle!$I$2:$I$1370,Detalle!$A$2:$A$1370,"2a3facb9-object_2",Detalle!$B$2:$B$1370,$A103,Detalle!$C$2:$C$1370,$B103) -> 1 | D103: =SUMIFS(Detalle!$I$2:$I$1370,Detalle!$A$2:$A$1370,"2f639739-object_1",Detalle!$B$2:$B$1370,$A103,Detalle!$C$2:$C$1370,$B103) -> 2 | E103: =SUMIFS(Detalle!$I$2:$I$1370,Detalle!$A$2:$A$1370,"5dc9e0d5-object_0",Detalle!$B$2:$B$1370,$A103,Detalle!$C$2:$C$1370,$B103) -> 1 | F103: =SUMIFS(Detalle!$I$2:$I$1370,Detalle!$A$2:$A$1370,"a501b501-object_3",Detalle!$B$2:$B$1370,$A103,Detalle!$C$2:$C$1370,$B103) -> 1 | G103: =SUMIFS(Detalle!$I$2:$I$1370,Detalle!$A$2:$A$1370,"2b65e967-object_0-1",Detalle!$B$2:$B$1370,$A103,Detalle!$C$2:$C$1370,$B103) -> 5 | H103: =SUMIFS(Detalle!$I$2:$I$1370,Detalle!$A$2:$A$1370,"5ed925a3-object_2",Detalle!$B$2:$B$1370,$A103,Detalle!$C$2:$C$1370,$B103) -> 3 | I103: =SUMIFS(Detalle!$I$2:$I$1370,Detalle!$A$2:$A$1370,"70ef0058-object_0",Detalle!$B$2:$B$1370,$A103,Detalle!$C$2:$C$1370,$B103) -> 2 | J103: =SUMIFS(Detalle!$I$2:$I$1370,Detalle!$A$2:$A$1370,"80c13944-object_3",Detalle!$B$2:$B$1370,$A103,Detalle!$C$2:$C$1370,$B103) -> 3 | K103: =SUMIFS(Detalle!$I$2:$I$1370,Detalle!$A$2:$A$1370,"fba550bc-object_1",Detalle!$B$2:$B$1370,$A103,Detalle!$C$2:$C$1370,$B103) -> 4 | L103: =SUMIFS(Detalle!$I$2:$I$1370,Detalle!$A$2:$A$1370,"38448021-object_5",Detalle!$B$2:$B$1370,$A103,Detalle!$C$2:$C$1370,$B103) -> 3
A104: tronco | B104: cadera (entre cintura y entrepierna): alto | C104: =SUMIFS(Detalle!$I$2:$I$1370,Detalle!$A$2:$A$1370,"2a3facb9-object_2",Detalle!$B$2:$B$1370,$A104,Detalle!$C$2:$C$1370,$B104) -> 24.815828 | D104: =SUMIFS(Detalle!$I$2:$I$1370,Detalle!$A$2:$A$1370,"2f639739-object_1",Detalle!$B$2:$B$1370,$A104,Detalle!$C$2:$C$1370,$B104) -> 24.165389 | E104: =SUMIFS(Detalle!$I$2:$I$1370,Detalle!$A$2:$A$1370,"5dc9e0d5-object_0",Detalle!$B$2:$B$1370,$A104,Detalle!$C$2:$C$1370,$B104) -> 27.340765 | F104: =SUMIFS(Detalle!$I$2:$I$1370,Detalle!$A$2:$A$1370,"a501b501-object_3",Detalle!$B$2:$B$1370,$A104,Detalle!$C$2:$C$1370,$B104) -> 18.765162 | G104: =SUMIFS(Detalle!$I$2:$I$1370,Detalle!$A$2:$A$1370,"2b65e967-object_0-1",Detalle!$B$2:$B$1370,$A104,Detalle!$C$2:$C$1370,$B104) -> 25.100933 | H104: =SUMIFS(Detalle!$I$2:$I$1370,Detalle!$A$2:$A$1370,"5ed925a3-object_2",Detalle!$B$2:$B$1370,$A104,Detalle!$C$2:$C$1370,$B104) -> 26.426544 | I104: =SUMIFS(Detalle!$I$2:$I$1370,Detalle!$A$2:$A$1370,"70ef0058-object_0",Detalle!$B$2:$B$1370,$A104,Detalle!$C$2:$C$1370,$B104) -> 21.800879 | J104: =SUMIFS(Detalle!$I$2:$I$1370,Detalle!$A$2:$A$1370,"80c13944-object_3",Detalle!$B$2:$B$1370,$A104,Detalle!$C$2:$C$1370,$B104) -> 24.494993 | K104: =SUMIFS(Detalle!$I$2:$I$1370,Detalle!$A$2:$A$1370,"fba550bc-object_1",Detalle!$B$2:$B$1370,$A104,Detalle!$C$2:$C$1370,$B104) -> 22.370891
A105: tronco | B105: cadera (entre cintura y entrepierna): ancho sección central | C105: =SUMIFS(Detalle!$I$2:$I$1370,Detalle!$A$2:$A$1370,"2a3facb9-object_2",Detalle!$B$2:$B$1370,$A105,Detalle!$C$2:$C$1370,$B105) -> 31.832258 | D105: =SUMIFS(Detalle!$I$2:$I$1370,Detalle!$A$2:$A$1370,"2f639739-object_1",Detalle!$B$2:$B$1370,$A105,Detalle!$C$2:$C$1370,$B105) -> 23.060859 | E105: =SUMIFS(Detalle!$I$2:$I$1370,Detalle!$A$2:$A$1370,"5dc9e0d5-object_0",Detalle!$B$2:$B$1370,$A105,Detalle!$C$2:$C$1370,$B105) -> 27.593479 | F105: =SUMIFS(Detalle!$I$2:$I$1370,Detalle!$A$2:$A$1370,"a501b501-object_3",Detalle!$B$2:$B$1370,$A105,Detalle!$C$2:$C$1370,$B105) -> 21.379536 | G105: =SUMIFS(Detalle!$I$2:$I$1370,Detalle!$A$2:$A$1370,"2b65e967-object_0-1",Detalle!$B$2:$B$1370,$A105,Detalle!$C$2:$C$1370,$B105) -> 24.834317 | H105: =SUMIFS(Detalle!$I$2:$I$1370,Detalle!$A$2:$A$1370,"5ed925a3-object_2",Detalle!$B$2:$B$1370,$A105,Detalle!$C$2:$C$1370,$B105) -> 24.652307 | I105: =SUMIFS(Detalle!$I$2:$I$1370,Detalle!$A$2:$A$1370,"70ef0058-object_0",Detalle!$B$2:$B$1370,$A105,Detalle!$C$2:$C$1370,$B105) -> 33.006485 | J105: =SUMIFS(Detalle!$I$2:$I$1370,Detalle!$A$2:$A$1370,"80c13944-object_3",Detalle!$B$2:$B$1370,$A105,Detalle!$C$2:$C$1370,$B105) -> 27.000682 | K105: =SUMIFS(Detalle!$I$2:$I$1370,Detalle!$A$2:$A$1370,"fba550bc-object_1",Detalle!$B$2:$B$1370,$A105,Detalle!$C$2:$C$1370,$B105) -> 8.8626107
A106: tronco | B106: cadera (entre cintura y entrepierna): fondo sección central | C106: =SUMIFS(Detalle!$I$2:$I$1370,Detalle!$A$2:$A$1370,"2a3facb9-object_2",Detalle!$B$2:$B$1370,$A106,Detalle!$C$2:$C$1370,$B106) -> 17.366211 | D106: =SUMIFS(Detalle!$I$2:$I$1370,Detalle!$A$2:$A$1370,"2f639739-object_1",Detalle!$B$2:$B$1370,$A106,Detalle!$C$2:$C$1370,$B106) -> 15.632899 | E106: =SUMIFS(Detalle!$I$2:$I$1370,Detalle!$A$2:$A$1370,"5dc9e0d5-object_0",Detalle!$B$2:$B$1370,$A106,Detalle!$C$2:$C$1370,$B106) -> 17.004882 | F106: =SUMIFS(Detalle!$I$2:$I$1370,Detalle!$A$2:$A$1370,"a501b501-object_3",Detalle!$B$2:$B$1370,$A106,Detalle!$C$2:$C$1370,$B106) -> 11.725733 | G106: =SUMIFS(Detalle!$I$2:$I$1370,Detalle!$A$2:$A$1370,"2b65e967-object_0-1",Detalle!$B$2:$B$1370,$A106,Detalle!$C$2:$C$1370,$B106) -> 13.864026 | H106: =SUMIFS(Detalle!$I$2:$I$1370,Detalle!$A$2:$A$1370,"5ed925a3-object_2",Detalle!$B$2:$B$1370,$A106,Detalle!$C$2:$C$1370,$B106) -> 13.300608 | I106: =SUMIFS(Detalle!$I$2:$I$1370,Detalle!$A$2:$A$1370,"70ef0058-object_0",Detalle!$B$2:$B$1370,$A106,Detalle!$C$2:$C$1370,$B106) -> 16.57692 | J106: =SUMIFS(Detalle!$I$2:$I$1370,Detalle!$A$2:$A$1370,"80c13944-object_3",Detalle!$B$2:$B$1370,$A106,Detalle!$C$2:$C$1370,$B106) -> 14.037955 | K106: =SUMIFS(Detalle!$I$2:$I$1370,Detalle!$A$2:$A$1370,"fba550bc-object_1",Detalle!$B$2:$B$1370,$A106,Detalle!$C$2:$C$1370,$B106) -> 12.628959
A107: tronco | B107: cadera (entre cintura y entrepierna): contorno sección central | C107: =SUMIFS(Detalle!$I$2:$I$1370,Detalle!$A$2:$A$1370,"2a3facb9-object_2",Detalle!$B$2:$B$1370,$A107,Detalle!$C$2:$C$1370,$B107) -> 82.44057 | D107: =SUMIFS(Detalle!$I$2:$I$1370,Detalle!$A$2:$A$1370,"2f639739-object_1",Detalle!$B$2:$B$1370,$A107,Detalle!$C$2:$C$1370,$B107) -> 73.13984 | E107: =SUMIFS(Detalle!$I$2:$I$1370,Detalle!$A$2:$A$1370,"5dc9e0d5-object_0",Detalle!$B$2:$B$1370,$A107,Detalle!$C$2:$C$1370,$B107) -> 72.24969 | F107: =SUMIFS(Detalle!$I$2:$I$1370,Detalle!$A$2:$A$1370,"a501b501-object_3",Detalle!$B$2:$B$1370,$A107,Detalle!$C$2:$C$1370,$B107) -> 59.511205 | G107: =SUMIFS(Detalle!$I$2:$I$1370,Detalle!$A$2:$A$1370,"2b65e967-object_0-1",Detalle!$B$2:$B$1370,$A107,Detalle!$C$2:$C$1370,$B107) -> 64.192535 | H107: =SUMIFS(Detalle!$I$2:$I$1370,Detalle!$A$2:$A$1370,"5ed925a3-object_2",Detalle!$B$2:$B$1370,$A107,Detalle!$C$2:$C$1370,$B107) -> 61.559096 | I107: =SUMIFS(Detalle!$I$2:$I$1370,Detalle!$A$2:$A$1370,"70ef0058-object_0",Detalle!$B$2:$B$1370,$A107,Detalle!$C$2:$C$1370,$B107) -> 87.868036 | J107: =SUMIFS(Detalle!$I$2:$I$1370,Detalle!$A$2:$A$1370,"80c13944-object_3",Detalle!$B$2:$B$1370,$A107,Detalle!$C$2:$C$1370,$B107) -> 73.755451 | K107: =SUMIFS(Detalle!$I$2:$I$1370,Detalle!$A$2:$A$1370,"fba550bc-object_1",Detalle!$B$2:$B$1370,$A107,Detalle!$C$2:$C$1370,$B107) -> 35.748937
A108: tronco | B108: cadera (entre cintura y entrepierna): ancho total silueta (incl. brazos) | C108: =SUMIFS(Detalle!$I$2:$I$1370,Detalle!$A$2:$A$1370,"2a3facb9-object_2",Detalle!$B$2:$B$1370,$A108,Detalle!$C$2:$C$1370,$B108) -> 31.832258 | D108: =SUMIFS(Detalle!$I$2:$I$1370,Detalle!$A$2:$A$1370,"2f639739-object_1",Detalle!$B$2:$B$1370,$A108,Detalle!$C$2:$C$1370,$B108) -> 23.060859 | E108: =SUMIFS(Detalle!$I$2:$I$1370,Detalle!$A$2:$A$1370,"5dc9e0d5-object_0",Detalle!$B$2:$B$1370,$A108,Detalle!$C$2:$C$1370,$B108) -> 27.593479 | F108: =SUMIFS(Detalle!$I$2:$I$1370,Detalle!$A$2:$A$1370,"a501b501-object_3",Detalle!$B$2:$B$1370,$A108,Detalle!$C$2:$C$1370,$B108) -> 21.379536 | G108: =SUMIFS(Detalle!$I$2:$I$1370,Detalle!$A$2:$A$1370,"2b65e967-object_0-1",Detalle!$B$2:$B$1370,$A108,Detalle!$C$2:$C$1370,$B108) -> 47.732813 | H108: =SUMIFS(Detalle!$I$2:$I$1370,Detalle!$A$2:$A$1370,"5ed925a3-object_2",Detalle!$B$2:$B$1370,$A108,Detalle!$C$2:$C$1370,$B108) -> 44.445161 | I108: =SUMIFS(Detalle!$I$2:$I$1370,Detalle!$A$2:$A$1370,"70ef0058-object_0",Detalle!$B$2:$B$1370,$A108,Detalle!$C$2:$C$1370,$B108) -> 33.006485 | J108: =SUMIFS(Detalle!$I$2:$I$1370,Detalle!$A$2:$A$1370,"80c13944-object_3",Detalle!$B$2:$B$1370,$A108,Detalle!$C$2:$C$1370,$B108) -> 42.805285 | K108: =SUMIFS(Detalle!$I$2:$I$1370,Detalle!$A$2:$A$1370,"fba550bc-object_1",Detalle!$B$2:$B$1370,$A108,Detalle!$C$2:$C$1370,$B108) -> 34.951368
A109: tronco | B109: cadera (entre cintura y entrepierna): piezas en el corte | C109: =SUMIFS(Detalle!$I$2:$I$1370,Detalle!$A$2:$A$1370,"2a3facb9-object_2",Detalle!$B$2:$B$1370,$A109,Detalle!$C$2:$C$1370,$B109) -> 1 | D109: =SUMIFS(Detalle!$I$2:$I$1370,Detalle!$A$2:$A$1370,"2f639739-object_1",Detalle!$B$2:$B$1370,$A109,Detalle!$C$2:$C$1370,$B109) -> 1 | E109: =SUMIFS(Detalle!$I$2:$I$1370,Detalle!$A$2:$A$1370,"5dc9e0d5-object_0",Detalle!$B$2:$B$1370,$A109,Detalle!$C$2:$C$1370,$B109) -> 3 | F109: =SUMIFS(Detalle!$I$2:$I$1370,Detalle!$A$2:$A$1370,"a501b501-object_3",Detalle!$B$2:$B$1370,$A109,Detalle!$C$2:$C$1370,$B109) -> 1 | G109: =SUMIFS(Detalle!$I$2:$I$1370,Detalle!$A$2:$A$1370,"2b65e967-object_0-1",Detalle!$B$2:$B$1370,$A109,Detalle!$C$2:$C$1370,$B109) -> 5 | H109: =SUMIFS(Detalle!$I$2:$I$1370,Detalle!$A$2:$A$1370,"5ed925a3-object_2",Detalle!$B$2:$B$1370,$A109,Detalle!$C$2:$C$1370,$B109) -> 3 | I109: =SUMIFS(Detalle!$I$2:$I$1370,Detalle!$A$2:$A$1370,"70ef0058-object_0",Detalle!$B$2:$B$1370,$A109,Detalle!$C$2:$C$1370,$B109) -> 1 | J109: =SUMIFS(Detalle!$I$2:$I$1370,Detalle!$A$2:$A$1370,"80c13944-object_3",Detalle!$B$2:$B$1370,$A109,Detalle!$C$2:$C$1370,$B109) -> 4 | K109: =SUMIFS(Detalle!$I$2:$I$1370,Detalle!$A$2:$A$1370,"fba550bc-object_1",Detalle!$B$2:$B$1370,$A109,Detalle!$C$2:$C$1370,$B109) -> 4
A110: tronco | B110: cuello (1% bajo la base de la cabeza): alto | C110: =SUMIFS(Detalle!$I$2:$I$1370,Detalle!$A$2:$A$1370,"2a3facb9-object_2",Detalle!$B$2:$B$1370,$A110,Detalle!$C$2:$C$1370,$B110) -> 52.249652 | D110: =SUMIFS(Detalle!$I$2:$I$1370,Detalle!$A$2:$A$1370,"2f639739-object_1",Detalle!$B$2:$B$1370,$A110,Detalle!$C$2:$C$1370,$B110) -> 49.400076 | E110: =SUMIFS(Detalle!$I$2:$I$1370,Detalle!$A$2:$A$1370,"5dc9e0d5-object_0",Detalle!$B$2:$B$1370,$A110,Detalle!$C$2:$C$1370,$B110) -> 50.349878 | F110: =SUMIFS(Detalle!$I$2:$I$1370,Detalle!$A$2:$A$1370,"a501b501-object_3",Detalle!$B$2:$B$1370,$A110,Detalle!$C$2:$C$1370,$B110) -> 37.04963 | G110: =SUMIFS(Detalle!$I$2:$I$1370,Detalle!$A$2:$A$1370,"2b65e967-object_0-1",Detalle!$B$2:$B$1370,$A110,Detalle!$C$2:$C$1370,$B110) -> 52.250048 | H110: =SUMIFS(Detalle!$I$2:$I$1370,Detalle!$A$2:$A$1370,"5ed925a3-object_2",Detalle!$B$2:$B$1370,$A110,Detalle!$C$2:$C$1370,$B110) -> 51.300038 | I110: =SUMIFS(Detalle!$I$2:$I$1370,Detalle!$A$2:$A$1370,"70ef0058-object_0",Detalle!$B$2:$B$1370,$A110,Detalle!$C$2:$C$1370,$B110) -> 47.500475 | J110: =SUMIFS(Detalle!$I$2:$I$1370,Detalle!$A$2:$A$1370,"80c13944-object_3",Detalle!$B$2:$B$1370,$A110,Detalle!$C$2:$C$1370,$B110) -> 52.249952 | K110: =SUMIFS(Detalle!$I$2:$I$1370,Detalle!$A$2:$A$1370,"fba550bc-object_1",Detalle!$B$2:$B$1370,$A110,Detalle!$C$2:$C$1370,$B110) -> 52.249762 | L110: =SUMIFS(Detalle!$I$2:$I$1370,Detalle!$A$2:$A$1370,"38448021-object_5",Detalle!$B$2:$B$1370,$A110,Detalle!$C$2:$C$1370,$B110) -> 28.499905
A111: tronco | B111: cuello (1% bajo la base de la cabeza): ancho sección central | C111: =SUMIFS(Detalle!$I$2:$I$1370,Detalle!$A$2:$A$1370,"2a3facb9-object_2",Detalle!$B$2:$B$1370,$A111,Detalle!$C$2:$C$1370,$B111) -> 24.022977 | D111: =SUMIFS(Detalle!$I$2:$I$1370,Detalle!$A$2:$A$1370,"2f639739-object_1",Detalle!$B$2:$B$1370,$A111,Detalle!$C$2:$C$1370,$B111) -> 52.525133 | E111: =SUMIFS(Detalle!$I$2:$I$1370,Detalle!$A$2:$A$1370,"5dc9e0d5-object_0",Detalle!$B$2:$B$1370,$A111,Detalle!$C$2:$C$1370,$B111) -> 59.118734 | F111: =SUMIFS(Detalle!$I$2:$I$1370,Detalle!$A$2:$A$1370,"a501b501-object_3",Detalle!$B$2:$B$1370,$A111,Detalle!$C$2:$C$1370,$B111) -> 39.341957 | G111: =SUMIFS(Detalle!$I$2:$I$1370,Detalle!$A$2:$A$1370,"2b65e967-object_0-1",Detalle!$B$2:$B$1370,$A111,Detalle!$C$2:$C$1370,$B111) -> 17.119596 | H111: =SUMIFS(Detalle!$I$2:$I$1370,Detalle!$A$2:$A$1370,"5ed925a3-object_2",Detalle!$B$2:$B$1370,$A111,Detalle!$C$2:$C$1370,$B111) -> 20.273198 | I111: =SUMIFS(Detalle!$I$2:$I$1370,Detalle!$A$2:$A$1370,"70ef0058-object_0",Detalle!$B$2:$B$1370,$A111,Detalle!$C$2:$C$1370,$B111) -> 28.419478 | J111: =SUMIFS(Detalle!$I$2:$I$1370,Detalle!$A$2:$A$1370,"80c13944-object_3",Detalle!$B$2:$B$1370,$A111,Detalle!$C$2:$C$1370,$B111) -> 16.412216 | K111: =SUMIFS(Detalle!$I$2:$I$1370,Detalle!$A$2:$A$1370,"fba550bc-object_1",Detalle!$B$2:$B$1370,$A111,Detalle!$C$2:$C$1370,$B111) -> 18.372592 | L111: =SUMIFS(Detalle!$I$2:$I$1370,Detalle!$A$2:$A$1370,"38448021-object_5",Detalle!$B$2:$B$1370,$A111,Detalle!$C$2:$C$1370,$B111) -> 54.404851
A112: tronco | B112: cuello (1% bajo la base de la cabeza): fondo sección central | C112: =SUMIFS(Detalle!$I$2:$I$1370,Detalle!$A$2:$A$1370,"2a3facb9-object_2",Detalle!$B$2:$B$1370,$A112,Detalle!$C$2:$C$1370,$B112) -> 13.012487 | D112: =SUMIFS(Detalle!$I$2:$I$1370,Detalle!$A$2:$A$1370,"2f639739-object_1",Detalle!$B$2:$B$1370,$A112,Detalle!$C$2:$C$1370,$B112) -> 11.27096 | E112: =SUMIFS(Detalle!$I$2:$I$1370,Detalle!$A$2:$A$1370,"5dc9e0d5-object_0",Detalle!$B$2:$B$1370,$A112,Detalle!$C$2:$C$1370,$B112) -> 11.990193 | F112: =SUMIFS(Detalle!$I$2:$I$1370,Detalle!$A$2:$A$1370,"a501b501-object_3",Detalle!$B$2:$B$1370,$A112,Detalle!$C$2:$C$1370,$B112) -> 10.136399 | G112: =SUMIFS(Detalle!$I$2:$I$1370,Detalle!$A$2:$A$1370,"2b65e967-object_0-1",Detalle!$B$2:$B$1370,$A112,Detalle!$C$2:$C$1370,$B112) -> 11.478766 | H112: =SUMIFS(Detalle!$I$2:$I$1370,Detalle!$A$2:$A$1370,"5ed925a3-object_2",Detalle!$B$2:$B$1370,$A112,Detalle!$C$2:$C$1370,$B112) -> 11.226392 | I112: =SUMIFS(Detalle!$I$2:$I$1370,Detalle!$A$2:$A$1370,"70ef0058-object_0",Detalle!$B$2:$B$1370,$A112,Detalle!$C$2:$C$1370,$B112) -> 12.965305 | J112: =SUMIFS(Detalle!$I$2:$I$1370,Detalle!$A$2:$A$1370,"80c13944-object_3",Detalle!$B$2:$B$1370,$A112,Detalle!$C$2:$C$1370,$B112) -> 11.432266 | K112: =SUMIFS(Detalle!$I$2:$I$1370,Detalle!$A$2:$A$1370,"fba550bc-object_1",Detalle!$B$2:$B$1370,$A112,Detalle!$C$2:$C$1370,$B112) -> 11.253415 | L112: =SUMIFS(Detalle!$I$2:$I$1370,Detalle!$A$2:$A$1370,"38448021-object_5",Detalle!$B$2:$B$1370,$A112,Detalle!$C$2:$C$1370,$B112) -> 18.582641
A113: tronco | B113: cuello (1% bajo la base de la cabeza): contorno sección central | C113: =SUMIFS(Detalle!$I$2:$I$1370,Detalle!$A$2:$A$1370,"2a3facb9-object_2",Detalle!$B$2:$B$1370,$A113,Detalle!$C$2:$C$1370,$B113) -> 71.340661 | D113: =SUMIFS(Detalle!$I$2:$I$1370,Detalle!$A$2:$A$1370,"2f639739-object_1",Detalle!$B$2:$B$1370,$A113,Detalle!$C$2:$C$1370,$B113) -> 139.60109 | E113: =SUMIFS(Detalle!$I$2:$I$1370,Detalle!$A$2:$A$1370,"5dc9e0d5-object_0",Detalle!$B$2:$B$1370,$A113,Detalle!$C$2:$C$1370,$B113) -> 150.00935 | F113: =SUMIFS(Detalle!$I$2:$I$1370,Detalle!$A$2:$A$1370,"a501b501-object_3",Detalle!$B$2:$B$1370,$A113,Detalle!$C$2:$C$1370,$B113) -> 104.5493 | G113: =SUMIFS(Detalle!$I$2:$I$1370,Detalle!$A$2:$A$1370,"2b65e967-object_0-1",Detalle!$B$2:$B$1370,$A113,Detalle!$C$2:$C$1370,$B113) -> 54.505808 | H113: =SUMIFS(Detalle!$I$2:$I$1370,Detalle!$A$2:$A$1370,"5ed925a3-object_2",Detalle!$B$2:$B$1370,$A113,Detalle!$C$2:$C$1370,$B113) -> 50.146641 | I113: =SUMIFS(Detalle!$I$2:$I$1370,Detalle!$A$2:$A$1370,"70ef0058-object_0",Detalle!$B$2:$B$1370,$A113,Detalle!$C$2:$C$1370,$B113) -> 75.9152 | J113: =SUMIFS(Detalle!$I$2:$I$1370,Detalle!$A$2:$A$1370,"80c13944-object_3",Detalle!$B$2:$B$1370,$A113,Detalle!$C$2:$C$1370,$B113) -> 50.344257 | K113: =SUMIFS(Detalle!$I$2:$I$1370,Detalle!$A$2:$A$1370,"fba550bc-object_1",Detalle!$B$2:$B$1370,$A113,Detalle!$C$2:$C$1370,$B113) -> 48.983439 | L113: =SUMIFS(Detalle!$I$2:$I$1370,Detalle!$A$2:$A$1370,"38448021-object_5",Detalle!$B$2:$B$1370,$A113,Detalle!$C$2:$C$1370,$B113) -> 124.54663
A114: tronco | B114: cuello (1% bajo la base de la cabeza): ancho total silueta (incl. brazos) | C114: =SUMIFS(Detalle!$I$2:$I$1370,Detalle!$A$2:$A$1370,"2a3facb9-object_2",Detalle!$B$2:$B$1370,$A114,Detalle!$C$2:$C$1370,$B114) -> 60.471255 | D114: =SUMIFS(Detalle!$I$2:$I$1370,Detalle!$A$2:$A$1370,"2f639739-object_1",Detalle!$B$2:$B$1370,$A114,Detalle!$C$2:$C$1370,$B114) -> 52.525133 | E114: =SUMIFS(Detalle!$I$2:$I$1370,Detalle!$A$2:$A$1370,"5dc9e0d5-object_0",Detalle!$B$2:$B$1370,$A114,Detalle!$C$2:$C$1370,$B114) -> 59.118734 | F114: =SUMIFS(Detalle!$I$2:$I$1370,Detalle!$A$2:$A$1370,"a501b501-object_3",Detalle!$B$2:$B$1370,$A114,Detalle!$C$2:$C$1370,$B114) -> 39.341957 | G114: =SUMIFS(Detalle!$I$2:$I$1370,Detalle!$A$2:$A$1370,"2b65e967-object_0-1",Detalle!$B$2:$B$1370,$A114,Detalle!$C$2:$C$1370,$B114) -> 25.901733 | H114: =SUMIFS(Detalle!$I$2:$I$1370,Detalle!$A$2:$A$1370,"5ed925a3-object_2",Detalle!$B$2:$B$1370,$A114,Detalle!$C$2:$C$1370,$B114) -> 20.273198 | I114: =SUMIFS(Detalle!$I$2:$I$1370,Detalle!$A$2:$A$1370,"70ef0058-object_0",Detalle!$B$2:$B$1370,$A114,Detalle!$C$2:$C$1370,$B114) -> 28.419478 | J114: =SUMIFS(Detalle!$I$2:$I$1370,Detalle!$A$2:$A$1370,"80c13944-object_3",Detalle!$B$2:$B$1370,$A114,Detalle!$C$2:$C$1370,$B114) -> 16.412216 | K114: =SUMIFS(Detalle!$I$2:$I$1370,Detalle!$A$2:$A$1370,"fba550bc-object_1",Detalle!$B$2:$B$1370,$A114,Detalle!$C$2:$C$1370,$B114) -> 18.372592 | L114: =SUMIFS(Detalle!$I$2:$I$1370,Detalle!$A$2:$A$1370,"38448021-object_5",Detalle!$B$2:$B$1370,$A114,Detalle!$C$2:$C$1370,$B114) -> 54.404851
A115: tronco | B115: cuello (1% bajo la base de la cabeza): piezas en el corte | C115: =SUMIFS(Detalle!$I$2:$I$1370,Detalle!$A$2:$A$1370,"2a3facb9-object_2",Detalle!$B$2:$B$1370,$A115,Detalle!$C$2:$C$1370,$B115) -> 5 | D115: =SUMIFS(Detalle!$I$2:$I$1370,Detalle!$A$2:$A$1370,"2f639739-object_1",Detalle!$B$2:$B$1370,$A115,Detalle!$C$2:$C$1370,$B115) -> 1 | E115: =SUMIFS(Detalle!$I$2:$I$1370,Detalle!$A$2:$A$1370,"5dc9e0d5-object_0",Detalle!$B$2:$B$1370,$A115,Detalle!$C$2:$C$1370,$B115) -> 3 | F115: =SUMIFS(Detalle!$I$2:$I$1370,Detalle!$A$2:$A$1370,"a501b501-object_3",Detalle!$B$2:$B$1370,$A115,Detalle!$C$2:$C$1370,$B115) -> 1 | G115: =SUMIFS(Detalle!$I$2:$I$1370,Detalle!$A$2:$A$1370,"2b65e967-object_0-1",Detalle!$B$2:$B$1370,$A115,Detalle!$C$2:$C$1370,$B115) -> 7 | H115: =SUMIFS(Detalle!$I$2:$I$1370,Detalle!$A$2:$A$1370,"5ed925a3-object_2",Detalle!$B$2:$B$1370,$A115,Detalle!$C$2:$C$1370,$B115) -> 2 | I115: =SUMIFS(Detalle!$I$2:$I$1370,Detalle!$A$2:$A$1370,"70ef0058-object_0",Detalle!$B$2:$B$1370,$A115,Detalle!$C$2:$C$1370,$B115) -> 1 | J115: =SUMIFS(Detalle!$I$2:$I$1370,Detalle!$A$2:$A$1370,"80c13944-object_3",Detalle!$B$2:$B$1370,$A115,Detalle!$C$2:$C$1370,$B115) -> 3 | K115: =SUMIFS(Detalle!$I$2:$I$1370,Detalle!$A$2:$A$1370,"fba550bc-object_1",Detalle!$B$2:$B$1370,$A115,Detalle!$C$2:$C$1370,$B115) -> 3 | L115: =SUMIFS(Detalle!$I$2:$I$1370,Detalle!$A$2:$A$1370,"38448021-object_5",Detalle!$B$2:$B$1370,$A115,Detalle!$C$2:$C$1370,$B115) -> 6
A116: manos | B116: mano izq largo (muñeca→punta, X) | C116: =SUMIFS(Detalle!$I$2:$I$1370,Detalle!$A$2:$A$1370,"2a3facb9-object_2",Detalle!$B$2:$B$1370,$A116,Detalle!$C$2:$C$1370,$B116) -> 13.379106 | D116: =SUMIFS(Detalle!$I$2:$I$1370,Detalle!$A$2:$A$1370,"2f639739-object_1",Detalle!$B$2:$B$1370,$A116,Detalle!$C$2:$C$1370,$B116) -> 1.3330527 | E116: =SUMIFS(Detalle!$I$2:$I$1370,Detalle!$A$2:$A$1370,"5dc9e0d5-object_0",Detalle!$B$2:$B$1370,$A116,Detalle!$C$2:$C$1370,$B116) -> 4.8421542
A117: manos | B117: mano izq ancho (Z) | C117: =SUMIFS(Detalle!$I$2:$I$1370,Detalle!$A$2:$A$1370,"2a3facb9-object_2",Detalle!$B$2:$B$1370,$A117,Detalle!$C$2:$C$1370,$B117) -> 10.643871 | D117: =SUMIFS(Detalle!$I$2:$I$1370,Detalle!$A$2:$A$1370,"2f639739-object_1",Detalle!$B$2:$B$1370,$A117,Detalle!$C$2:$C$1370,$B117) -> 2.8603502 | E117: =SUMIFS(Detalle!$I$2:$I$1370,Detalle!$A$2:$A$1370,"5dc9e0d5-object_0",Detalle!$B$2:$B$1370,$A117,Detalle!$C$2:$C$1370,$B117) -> 6.2092432
A118: manos | B118: mano izq grosor (Y) | C118: =SUMIFS(Detalle!$I$2:$I$1370,Detalle!$A$2:$A$1370,"2a3facb9-object_2",Detalle!$B$2:$B$1370,$A118,Detalle!$C$2:$C$1370,$B118) -> 2.5941517 | D118: =SUMIFS(Detalle!$I$2:$I$1370,Detalle!$A$2:$A$1370,"2f639739-object_1",Detalle!$B$2:$B$1370,$A118,Detalle!$C$2:$C$1370,$B118) -> 0.26946708 | E118: =SUMIFS(Detalle!$I$2:$I$1370,Detalle!$A$2:$A$1370,"5dc9e0d5-object_0",Detalle!$B$2:$B$1370,$A118,Detalle!$C$2:$C$1370,$B118) -> 1.4391479
A119: brazos | B119: brazo izq punta de dedos (X desde centro) | C119: =SUMIFS(Detalle!$I$2:$I$1370,Detalle!$A$2:$A$1370,"2a3facb9-object_2",Detalle!$B$2:$B$1370,$A119,Detalle!$C$2:$C$1370,$B119) -> 43.649508 | D119: =SUMIFS(Detalle!$I$2:$I$1370,Detalle!$A$2:$A$1370,"2f639739-object_1",Detalle!$B$2:$B$1370,$A119,Detalle!$C$2:$C$1370,$B119) -> 32.152279 | E119: =SUMIFS(Detalle!$I$2:$I$1370,Detalle!$A$2:$A$1370,"5dc9e0d5-object_0",Detalle!$B$2:$B$1370,$A119,Detalle!$C$2:$C$1370,$B119) -> 34.35382
A120: brazos | B120: brazo izq muñeca (X desde centro) | C120: =SUMIFS(Detalle!$I$2:$I$1370,Detalle!$A$2:$A$1370,"2a3facb9-object_2",Detalle!$B$2:$B$1370,$A120,Detalle!$C$2:$C$1370,$B120) -> 30.270402 | D120: =SUMIFS(Detalle!$I$2:$I$1370,Detalle!$A$2:$A$1370,"2f639739-object_1",Detalle!$B$2:$B$1370,$A120,Detalle!$C$2:$C$1370,$B120) -> 30.820178 | E120: =SUMIFS(Detalle!$I$2:$I$1370,Detalle!$A$2:$A$1370,"5dc9e0d5-object_0",Detalle!$B$2:$B$1370,$A120,Detalle!$C$2:$C$1370,$B120) -> 29.511666
...

Sheet Notas
A1: Medidas SAM 3D · Theo (joven_rubio)
A3: Altura de referencia (mm) | B3: 95 | C3: ← cámbiala (88 / 90 / 95 / 100) y todas las columnas en mm se reescalan
A5: • Fuente: refs/sam3d/theo/*.glb en la rama sam3d-proporciones-theo del repo (commit 4205858). Son 11 GLB del demo de SAM 3D de Meta.
A6: • Los GLB vienen normalizados a una caja unitaria, así que "valor_u" está en esa unidad. Cada modelo se escala por separado a la altura de referencia, sin cruzar datos entre modelos.
A7: • Eje Y = arriba, +Z = frente (la cara mira a +Z). El suelo (Y=0) es el punto más bajo de cada malla.
A8: • Las partes se separan por el color de la textura: cálido = pelo o piel, blanco = camisa, oscuro = chaleco, zapatos u ojos, azul = pantalón o corbata.
A9: • "Base de cabeza" = primera franja central (de arriba hacia abajo) donde domina la ropa, o sea el cuello de camisa. Todo lo de arriba cuenta como cabeza (incluye pelo y orejas).
A10: • Entrepierna: bajando desde la cintura, primera altura donde el corte horizontal ya no cruza el eje central X=0.
A11: • Contornos = perímetro real del corte de la malla en ese plano. En T-pose, el corte de "pecho" atraviesa los brazos y el contorno los incluye.
A12: • Las medidas de manos y brazos cambian según la pose: en T-pose se mide en X (horizontal) y en pose relajada en Y (vertical).
A13: • Como pediste, no se forzó que las medidas cuadren entre sí. Hay valores raros por pelo que tapa, sombras de la textura o piezas fundidas.
A15: Modelo | B15: Pose | C15: Tipo | D15: Estado / aviso | E15: Altura original (u) | F15: Triángulos
A16: 2a3facb9-object_2 | B16: T-pose | C16: Cuerpo completo | D16: Usado en el candidato AMARILLO | E16: 0.95617 | F16: 7681
A17: 2b65e967-object_0-1 | B17: Relajada (brazos abajo) | C17: Cuerpo completo | D17: Toma extra, sin filtrar | E17: 0.99769 | F17: 9733
A18: 2f639739-object_1 | B18: T-pose | C18: Cuerpo completo | D18: Usado en el candidato AMARILLO | E18: 0.99771 | F18: 8656
A19: 38448021-object_5 | B19: Brazos a 45° | C19: Busto deformado (cabeza gigante, cuerpo corto) | D19: Sin pantalón azul: faltan piernas, pantalón y manos | E19: 1.00017 | F19: 14198
A20: 5dc9e0d5-object_0 | B20: T-pose | C20: Cuerpo completo | D20: Toma extra, sin filtrar | E20: 0.93604 | F20: 8996
A21: 5ed925a3-object_2 | B21: Relajada (brazos abajo) | C21: Cuerpo completo | D21: Usado en el candidato AMARILLO | E21: 1.00074 | F21: 7548
A22: 6e95d62d-object_4 | B22: — | C22: Solo cabeza | D22: Solo medidas de cabeza; la base de cabeza queda en 0 | E22: 0.69821 | F22: 11738
A23: 70ef0058-object_0 | B23: Relajada (manos en bolsillos) | C23: Cuerpo completo | D23: Toma extra, sin filtrar | E23: 0.99929 | F23: 9014
A24: 80c13944-object_3 | B24: Relajada (brazos abajo) | C24: Cuerpo completo | D24: Toma extra, sin filtrar | E24: 0.99751 | F24: 9848
A25: a501b501-object_3 | B25: T-pose | C25: Cuerpo completo | D25: Descartado en el README: pico de pelo muy alto descalibra la altura | E25: 1.00001 | F25: 5472
A26: fba550bc-object_1 | B26: Relajada (brazos abajo) | C26: Cuerpo completo | D26: Usado en el candidato AMARILLO | E26: 0.99935 | F26: 9289

Sheet Detalle
A1: Modelo | B1: Parte | C1: Medida | D1: Valor (u) | E1: Altura modelo (u) | F1: Fracción de altura | G1: mm a escala | H1: Sin unidad | I1: Mostrar
A2: 2a3facb9-object_2 | B2: general | C2: altura total | D2: 0.95617 | E2: 0.95617 | F2: =IF(H2=1,"",D2/E2) -> 1 | G2: =IF(H2=1,"",D2/E2*Notas!$B$3) -> 95 | H2: 0 | I2: =IF(H2=1,D2,G2) -> 95
A3: 2a3facb9-object_2 | B3: general | C3: ancho total (X) | D3: 0.9953 | E3: 0.95617 | F3: =IF(H3=1,"",D3/E3) -> 1.0409237 | G3: =IF(H3=1,"",D3/E3*Notas!$B$3) -> 98.88775 | H3: 0 | I3: =IF(H3=1,D3,G3) -> 98.88775
A4: 2a3facb9-object_2 | B4: general | C4: fondo total (Z) | D4: 0.36919 | E4: 0.95617 | F4: =IF(H4=1,"",D4/E4) -> 0.38611335 | G4: =IF(H4=1,"",D4/E4*Notas!$B$3) -> 36.680768 | H4: 0 | I4: =IF(H4=1,D4,G4) -> 36.680768
A5: 2a3facb9-object_2 | B5: general | C5: triángulos | D5: 7681 | E5: 0.95617 | F5: =IF(H5=1,"",D5/E5) | G5: =IF(H5=1,"",D5/E5*Notas!$B$3) | H5: 1 | I5: =IF(H5=1,D5,G5) -> 7681
A6: 2a3facb9-object_2 | B6: general | C6: vértices (soldados) | D6: 3841 | E6: 0.95617 | F6: =IF(H6=1,"",D6/E6) | G6: =IF(H6=1,"",D6/E6*Notas!$B$3) | H6: 1 | I6: =IF(H6=1,D6,G6) -> 3841
A7: 2a3facb9-object_2 | B7: general | C7: área de superficie (u²) | D7: 1.52798 | E7: 0.95617 | F7: =IF(H7=1,"",D7/E7) | G7: =IF(H7=1,"",D7/E7*Notas!$B$3) | H7: 1 | I7: =IF(H7=1,D7,G7) -> 1.52798
A8: 2a3facb9-object_2 | B8: general | C8: volumen aprox (u³) | D8: 0.05452 | E8: 0.95617 | F8: =IF(H8=1,"",D8/E8) | G8: =IF(H8=1,"",D8/E8*Notas!$B$3) | H8: 1 | I8: =IF(H8=1,D8,G8) -> 0.05452
A9: 2a3facb9-object_2 | B9: color | C9: % superficie calido | D9: 50.94077 | E9: 0.95617 | F9: =IF(H9=1,"",D9/E9) | G9: =IF(H9=1,"",D9/E9*Notas!$B$3) | H9: 1 | I9: =IF(H9=1,D9,G9) -> 50.94077
A10: 2a3facb9-object_2 | B10: color | C10: % superficie blanco | D10: 10.21058 | E10: 0.95617 | F10: =IF(H10=1,"",D10/E10) | G10: =IF(H10=1,"",D10/E10*Notas!$B$3) | H10: 1 | I10: =IF(H10=1,D10,G10) -> 10.21058
A11: 2a3facb9-object_2 | B11: color | C11: % superficie oscuro | D11: 29.81625 | E11: 0.95617 | F11: =IF(H11=1,"",D11/E11) | G11: =IF(H11=1,"",D11/E11*Notas!$B$3) | H11: 1 | I11: =IF(H11=1,D11,G11) -> 29.81625
A12: 2a3facb9-object_2 | B12: color | C12: % superficie azul | D12: 9.0324 | E12: 0.95617 | F12: =IF(H12=1,"",D12/E12) | G12: =IF(H12=1,"",D12/E12*Notas!$B$3) | H12: 1 | I12: =IF(H12=1,D12,G12) -> 9.0324
A13: 2a3facb9-object_2 | B13: cabeza | C13: altura del cuello de camisa / base de cabeza | D13: 0.53546 | E13: 0.95617 | F13: =IF(H13=1,"",D13/E13) -> 0.56000502 | G13: =IF(H13=1,"",D13/E13*Notas!$B$3) -> 53.200477 | H13: 0 | I13: =IF(H13=1,D13,G13) -> 53.200477
... A1370: fba550bc-object_1 | B1370: tronco | C1370: ancho de hombros (silueta 4% bajo cuello) | D1370: 0.2497 | E1370: 0.99935 | F1370: =IF(H1370=1,"",D1370/E1370) -> 0.24986241 | G1370: =IF(H1370=1,"",D1370/E1370*Notas!$B$3) -> 23.736929 | H1370: 0 | I1370: =IF(H1370=1,D1370,G1370) -> 23.736929

Sheet Cortes cada 1%
A1: Modelo | B1: % de altura | C1: Altura (mm) | D1: Ancho total (mm) | E1: Fondo total (mm) | F1: Piezas en el corte | G1: Ancho pieza central (mm) | H1: Fondo pieza central (mm) | I1: Contorno pieza central (mm) | J1: Contorno total (mm)
A2: 2a3facb9-object_2 | B2: 1 | C2: =B2/100*Notas!$B$3 -> 0.95 | D2: =43.91/95*Notas!$B$3 -> 43.91 | E2: =21.26/95*Notas!$B$3 -> 21.26 | F2: 2 | G2: =19.01/95*Notas!$B$3 -> 19.01 | H2: =21.26/95*Notas!$B$3 -> 21.26 | I2: =67.44/95*Notas!$B$3 -> 67.44 | J2: =131.97/95*Notas!$B$3 -> 131.97
A3: 2a3facb9-object_2 | B3: 2 | C3: =B3/100*Notas!$B$3 -> 1.9 | D3: =43.77/95*Notas!$B$3 -> 43.77 | E3: =21.21/95*Notas!$B$3 -> 21.21 | F3: 2 | G3: =18.94/95*Notas!$B$3 -> 18.94 | H3: =21.21/95*Notas!$B$3 -> 21.21 | I3: =67.21/95*Notas!$B$3 -> 67.21 | J3: =131.46/95*Notas!$B$3 -> 131.46
A4: 2a3facb9-object_2 | B4: 3 | C4: =B4/100*Notas!$B$3 -> 2.85 | D4: =43.61/95*Notas!$B$3 -> 43.61 | E4: =21.17/95*Notas!$B$3 -> 21.17 | F4: 2 | G4: =18.84/95*Notas!$B$3 -> 18.84 | H4: =21.17/95*Notas!$B$3 -> 21.17 | I4: =67.01/95*Notas!$B$3 -> 67.01 | J4: =130.96/95*Notas!$B$3 -> 130.96
A5: 2a3facb9-object_2 | B5: 4 | C5: =B5/100*Notas!$B$3 -> 3.8 | D5: =43.38/95*Notas!$B$3 -> 43.38 | E5: =21.11/95*Notas!$B$3 -> 21.11 | F5: 2 | G5: =18.73/95*Notas!$B$3 -> 18.73 | H5: =21.11/95*Notas!$B$3 -> 21.11 | I5: =66.71/95*Notas!$B$3 -> 66.71 | J5: =130.31/95*Notas!$B$3 -> 130.31
A6: 2a3facb9-object_2 | B6: 5 | C6: =B6/100*Notas!$B$3 -> 4.75 | D6: =43.15/95*Notas!$B$3 -> 43.15 | E6: =20.34/95*Notas!$B$3 -> 20.34 | F6: 2 | G6: =18.56/95*Notas!$B$3 -> 18.56 | H6: =20.34/95*Notas!$B$3 -> 20.34 | I6: =64.33/95*Notas!$B$3 -> 64.33 | J6: =125.78/95*Notas!$B$3 -> 125.78
A7: 2a3facb9-object_2 | B7: 6 | C7: =B7/100*Notas!$B$3 -> 5.7 | D7: =42.68/95*Notas!$B$3 -> 42.68 | E7: =18.93/95*Notas!$B$3 -> 18.93 | F7: 2 | G7: =18.15/95*Notas!$B$3 -> 18.15 | H7: =18.84/95*Notas!$B$3 -> 18.84 | I7: =59.61/95*Notas!$B$3 -> 59.61 | J7: =117.29/95*Notas!$B$3 -> 117.29
A8: 2a3facb9-object_2 | B8: 7 | C8: =B8/100*Notas!$B$3 -> 6.65 | D8: =36.93/95*Notas!$B$3 -> 36.93 | E8: =18.18/95*Notas!$B$3 -> 18.18 | F8: 2 | G8: =15.32/95*Notas!$B$3 -> 15.32 | H8: =18.14/95*Notas!$B$3 -> 18.14 | I8: =51.05/95*Notas!$B$3 -> 51.05 | J8: =100.8/95*Notas!$B$3 -> 100.8
A9: 2a3facb9-object_2 | B9: 8 | C9: =B9/100*Notas!$B$3 -> 7.6 | D9: =34.62/95*Notas!$B$3 -> 34.62 | E9: =15.56/95*Notas!$B$3 -> 15.56 | F9: 2 | G9: =15.56/95*Notas!$B$3 -> 15.56 | H9: =15.56/95*Notas!$B$3 -> 15.56 | I9: =47.48/95*Notas!$B$3 -> 47.48 | J9: =92.64/95*Notas!$B$3 -> 92.64
A10: 2a3facb9-object_2 | B10: 9 | C10: =B10/100*Notas!$B$3 -> 8.55 | D10: =35.61/95*Notas!$B$3 -> 35.61 | E10: =16.34/95*Notas!$B$3 -> 16.34 | F10: 2 | G10: =16.35/95*Notas!$B$3 -> 16.35 | H10: =16.34/95*Notas!$B$3 -> 16.34 | I10: =50.05/95*Notas!$B$3 -> 50.05 | J10: =97.49/95*Notas!$B$3 -> 97.49
A11: 2a3facb9-object_2 | B11: 10 | C11: =B11/100*Notas!$B$3 -> 9.5 | D11: =35.57/95*Notas!$B$3 -> 35.57 | E11: =16.72/95*Notas!$B$3 -> 16.72 | F11: 2 | G11: =16.31/95*Notas!$B$3 -> 16.31 | H11: =16.7/95*Notas!$B$3 -> 16.7 | I11: =50.37/95*Notas!$B$3 -> 50.37 | J11: =98.46/95*Notas!$B$3 -> 98.46
A12: 2a3facb9-object_2 | B12: 11 | C12: =B12/100*Notas!$B$3 -> 10.45 | D12: =35.54/95*Notas!$B$3 -> 35.54 | E12: =16.72/95*Notas!$B$3 -> 16.72 | F12: 2 | G12: =16.28/95*Notas!$B$3 -> 16.28 | H12: =16.7/95*Notas!$B$3 -> 16.7 | I12: =50.38/95*Notas!$B$3 -> 50.38 | J12: =98.63/95*Notas!$B$3 -> 98.63
A13: 2a3facb9-object_2 | B13: 12 | C13: =B13/100*Notas!$B$3 -> 11.4 | D13: =35.49/95*Notas!$B$3 -> 35.49 | E13: =16.72/95*Notas!$B$3 -> 16.72 | F13: 2 | G13: =16.24/95*Notas!$B$3 -> 16.24 | H13: =16.69/95*Notas!$B$3 -> 16.69 | I13: =50.38/95*Notas!$B$3 -> 50.38 | J13: =98.77/95*Notas!$B$3 -> 98.77
A14: 2a3facb9-object_2 | B14: 13 | C14: =B14/100*Notas!$B$3 -> 12.35 | D14: =35.44/95*Notas!$B$3 -> 35.44 | E14: =16.06/95*Notas!$B$3 -> 16.06 | F14: 2 | G14: =15.1/95*Notas!$B$3 -> 15.1 | H14: =16.04/95*Notas!$B$3 -> 16.04 | I14: =48.72/95*Notas!$B$3 -> 48.72 | J14: =96.61/95*Notas!$B$3 -> 96.61
A15: 2a3facb9-object_2 | B15: 14 | C15: =B15/100*Notas!$B$3 -> 13.3 | D15: =34.86/95*Notas!$B$3 -> 34.86 | E15: =14.23/95*Notas!$B$3 -> 14.23 | F15: 2 | G15: =14.83/95*Notas!$B$3 -> 14.83 | H15: =14.23/95*Notas!$B$3 -> 14.23 | I15: =62.35/95*Notas!$B$3 -> 62.35 | J15: =119.8/95*Notas!$B$3 -> 119.8
A16: 2a3facb9-object_2 | B16: 15 | C16: =B16/100*Notas!$B$3 -> 14.25 | D16: =32.09/95*Notas!$B$3 -> 32.09 | E16: =14.27/95*Notas!$B$3 -> 14.27 | F16: 2 | G16: =13.75/95*Notas!$B$3 -> 13.75 | H16: =14.27/95*Notas!$B$3 -> 14.27 | I16: =42.99/95*Notas!$B$3 -> 42.99 | J16: =84.02/95*Notas!$B$3 -> 84.02
A17: 2a3facb9-object_2 | B17: 16 | C17: =B17/100*Notas!$B$3 -> 15.2 | D17: =31.96/95*Notas!$B$3 -> 31.96 | E17: =14.3/95*Notas!$B$3 -> 14.3 | F17: 2 | G17: =13.23/95*Notas!$B$3 -> 13.23 | H17: =13.74/95*Notas!$B$3 -> 13.74 | I17: =41.47/95*Notas!$B$3 -> 41.47 | J17: =84.74/95*Notas!$B$3 -> 84.74
A18: 2a3facb9-object_2 | B18: 17 | C18: =B18/100*Notas!$B$3 -> 16.15 | D18: =31.81/95*Notas!$B$3 -> 31.81 | E18: =14.38/95*Notas!$B$3 -> 14.38 | F18: 2 | G18: =13.95/95*Notas!$B$3 -> 13.95 | H18: =14.38/95*Notas!$B$3 -> 14.38 | I18: =43.59/95*Notas!$B$3 -> 43.59 | J18: =85.55/95*Notas!$B$3 -> 85.55
A19: 2a3facb9-object_2 | B19: 18 | C19: =B19/100*Notas!$B$3 -> 17.1 | D19: =31.67/95*Notas!$B$3 -> 31.67 | E19: =14.48/95*Notas!$B$3 -> 14.48 | F19: 2 | G19: =14.06/95*Notas!$B$3 -> 14.06 | H19: =14.48/95*Notas!$B$3 -> 14.48 | I19: =43.96/95*Notas!$B$3 -> 43.96 | J19: =86.39/95*Notas!$B$3 -> 86.39
A20: 2a3facb9-object_2 | B20: 19 | C20: =B20/100*Notas!$B$3 -> 18.05 | D20: =31.52/95*Notas!$B$3 -> 31.52 | E20: =14.58/95*Notas!$B$3 -> 14.58 | F20: 2 | G20: =14.17/95*Notas!$B$3 -> 14.17 | H20: =14.58/95*Notas!$B$3 -> 14.58 | I20: =44.35/95*Notas!$B$3 -> 44.35 | J20: =87.23/95*Notas!$B$3 -> 87.23
A21: 2a3facb9-object_2 | B21: 20 | C21: =B21/100*Notas!$B$3 -> 19 | D21: =31.35/95*Notas!$B$3 -> 31.35 | E21: =14.68/95*Notas!$B$3 -> 14.68 | F21: 2 | G21: =14.25/95*Notas!$B$3 -> 14.25 | H21: =14.68/95*Notas!$B$3 -> 14.68 | I21: =44.73/95*Notas!$B$3 -> 44.73 | J21: =88.06/95*Notas!$B$3 -> 88.06
A22: 2a3facb9-object_2 | B22: 21 | C22: =B22/100*Notas!$B$3 -> 19.95 | D22: =31.16/95*Notas!$B$3 -> 31.16 | E22: =14.81/95*Notas!$B$3 -> 14.81 | F22: 2 | G22: =14.34/95*Notas!$B$3 -> 14.34 | H22: =14.77/95*Notas!$B$3 -> 14.77 | I22: =45.1/95*Notas!$B$3 -> 45.1 | J22: =88.87/95*Notas!$B$3 -> 88.87
A23: 2a3facb9-object_2 | B23: 22 | C23: =B23/100*Notas!$B$3 -> 20.9 | D23: =30.95/95*Notas!$B$3 -> 30.95 | E23: =14.97/95*Notas!$B$3 -> 14.97 | F23: 2 | G23: =14.41/95*Notas!$B$3 -> 14.41 | H23: =14.87/95*Notas!$B$3 -> 14.87 | I23: =45.44/95*Notas!$B$3 -> 45.44 | J23: =89.69/95*Notas!$B$3 -> 89.69
A24: 2a3facb9-object_2 | B24: 23 | C24: =B24/100*Notas!$B$3 -> 21.85 | D24: =30.71/95*Notas!$B$3 -> 30.71 | E24: =15.13/95*Notas!$B$3 -> 15.13 | F24: 2 | G24: =14.46/95*Notas!$B$3 -> 14.46 | H24: =14.97/95*Notas!$B$3 -> 14.97 | I24: =45.76/95*Notas!$B$3 -> 45.76 | J24: =90.43/95*Notas!$B$3 -> 90.43
A25: 2a3facb9-object_2 | B25: 24 | C25: =B25/100*Notas!$B$3 -> 22.8 | D25: =30.47/95*Notas!$B$3 -> 30.47 | E25: =15.3/95*Notas!$B$3 -> 15.3 | F25: 1 | G25: =30.47/95*Notas!$B$3 -> 30.47 | H25: =15.3/95*Notas!$B$3 -> 15.3 | I25: =81.45/95*Notas!$B$3 -> 81.45 | J25: =81.45/95*Notas!$B$3 -> 81.45
A26: 2a3facb9-object_2 | B26: 25 | C26: =B26/100*Notas!$B$3 -> 23.75 | D26: =30.54/95*Notas!$B$3 -> 30.54 | E26: =15.99/95*Notas!$B$3 -> 15.99 | F26: 1 | G26: =30.54/95*Notas!$B$3 -> 30.54 | H26: =15.99/95*Notas!$B$3 -> 15.99 | I26: =78.39/95*Notas!$B$3 -> 78.39 | J26: =78.39/95*Notas!$B$3 -> 78.39
A27: 2a3facb9-object_2 | B27: 26 | C27: =B27/100*Notas!$B$3 -> 24.7 | D27: =31.9/95*Notas!$B$3 -> 31.9 | E27: =17.42/95*Notas!$B$3 -> 17.42 | F27: 1 | G27: =31.9/95*Notas!$B$3 -> 31.9 | H27: =17.42/95*Notas!$B$3 -> 17.42 | I27: =82.67/95*Notas!$B$3 -> 82.67 | J27: =82.67/95*Notas!$B$3 -> 82.67
A28: 2a3facb9-object_2 | B28: 27 | C28: =B28/100*Notas!$B$3 -> 25.65 | D28: =31.34/95*Notas!$B$3 -> 31.34 | E28: =16.95/95*Notas!$B$3 -> 16.95 | F28: 1 | G28: =31.34/95*Notas!$B$3 -> 31.34 | H28: =16.95/95*Notas!$B$3 -> 16.95 | I28: =80.78/95*Notas!$B$3 -> 80.78 | J28: =80.78/95*Notas!$B$3 -> 80.78
A29: 2a3facb9-object_2 | B29: 28 | C29: =B29/100*Notas!$B$3 -> 26.6 | D29: =30.71/95*Notas!$B$3 -> 30.71 | E29: =16.48/95*Notas!$B$3 -> 16.48 | F29: 1 | G29: =30.71/95*Notas!$B$3 -> 30.71 | H29: =16.48/95*Notas!$B$3 -> 16.48 | I29: =78.88/95*Notas!$B$3 -> 78.88 | J29: =78.88/95*Notas!$B$3 -> 78.88
A30: 2a3facb9-object_2 | B30: 29 | C30: =B30/100*Notas!$B$3 -> 27.55 | D30: =30.08/95*Notas!$B$3 -> 30.08 | E30: =16/95*Notas!$B$3 -> 16 | F30: 1 | G30: =30.08/95*Notas!$B$3 -> 30.08 | H30: =16/95*Notas!$B$3 -> 16 | I30: =77.05/95*Notas!$B$3 -> 77.05 | J30: =77.05/95*Notas!$B$3 -> 77.05
A31: 2a3facb9-object_2 | B31: 30 | C31: =B31/100*Notas!$B$3 -> 28.5 | D31: =29.44/95*Notas!$B$3 -> 29.44 | E31: =15.7/95*Notas!$B$3 -> 15.7 | F31: 1 | G31: =29.44/95*Notas!$B$3 -> 29.44 | H31: =15.7/95*Notas!$B$3 -> 15.7 | I31: =75.25/95*Notas!$B$3 -> 75.25 | J31: =75.25/95*Notas!$B$3 -> 75.25
A32: 2a3facb9-object_2 | B32: 31 | C32: =B32/100*Notas!$B$3 -> 29.45 | D32: =28.79/95*Notas!$B$3 -> 28.79 | E32: =20.23/95*Notas!$B$3 -> 20.23 | F32: 2 | G32: =0.19/95*Notas!$B$3 -> 0.19 | H32: =1.19/95*Notas!$B$3 -> 1.19 | I32: =2.56/95*Notas!$B$3 -> 2.56 | J32: =76.04/95*Notas!$B$3 -> 76.04
A33: 2a3facb9-object_2 | B33: 32 | C33: =B33/100*Notas!$B$3 -> 30.4 | D33: =28.14/95*Notas!$B$3 -> 28.14 | E33: =23.52/95*Notas!$B$3 -> 23.52 | F33: 1 | G33: =28.14/95*Notas!$B$3 -> 28.14 | H33: =23.52/95*Notas!$B$3 -> 23.52 | I33: =91.28/95*Notas!$B$3 -> 91.28 | J33: =91.28/95*Notas!$B$3 -> 91.28
A34: 2a3facb9-object_2 | B34: 33 | C34: =B34/100*Notas!$B$3 -> 31.35 | D34: =27.48/95*Notas!$B$3 -> 27.48 | E34: =22.12/95*Notas!$B$3 -> 22.12 | F34: 1 | G34: =27.48/95*Notas!$B$3 -> 27.48 | H34: =22.12/95*Notas!$B$3 -> 22.12 | I34: =84.34/95*Notas!$B$3 -> 84.34 | J34: =84.34/95*Notas!$B$3 -> 84.34
A35: 2a3facb9-object_2 | B35: 34 | C35: =B35/100*Notas!$B$3 -> 32.3 | D35: =26.84/95*Notas!$B$3 -> 26.84 | E35: =20.72/95*Notas!$B$3 -> 20.72 | F35: 1 | G35: =26.84/95*Notas!$B$3 -> 26.84 | H35: =20.72/95*Notas!$B$3 -> 20.72 | I35: =78.1/95*Notas!$B$3 -> 78.1 | J35: =78.1/95*Notas!$B$3 -> 78.1
A36: 2a3facb9-object_2 | B36: 35 | C36: =B36/100*Notas!$B$3 -> 33.25 | D36: =26.2/95*Notas!$B$3 -> 26.2 | E36: =19.33/95*Notas!$B$3 -> 19.33 | F36: 1 | G36: =26.2/95*Notas!$B$3 -> 26.2 | H36: =19.33/95*Notas!$B$3 -> 19.33 | I36: =74.23/95*Notas!$B$3 -> 74.23 | J36: =74.23/95*Notas!$B$3 -> 74.23
A37: 2a3facb9-object_2 | B37: 36 | C37: =B37/100*Notas!$B$3 -> 34.2 | D37: =26.32/95*Notas!$B$3 -> 26.32 | E37: =17.96/95*Notas!$B$3 -> 17.96 | F37: 1 | G37: =26.32/95*Notas!$B$3 -> 26.32 | H37: =17.96/95*Notas!$B$3 -> 17.96 | I37: =76.59/95*Notas!$B$3 -> 76.59 | J37: =76.59/95*Notas!$B$3 -> 76.59
A38: 2a3facb9-object_2 | B38: 37 | C38: =B38/100*Notas!$B$3 -> 35.15 | D38: =27.05/95*Notas!$B$3 -> 27.05 | E38: =18.53/95*Notas!$B$3 -> 18.53 | F38: 1 | G38: =27.05/95*Notas!$B$3 -> 27.05 | H38: =18.53/95*Notas!$B$3 -> 18.53 | I38: =80.21/95*Notas!$B$3 -> 80.21 | J38: =80.21/95*Notas!$B$3 -> 80.21
A39: 2a3facb9-object_2 | B39: 38 | C39: =B39/100*Notas!$B$3 -> 36.1 | D39: =26.4/95*Notas!$B$3 -> 26.4 | E39: =18.59/95*Notas!$B$3 -> 18.59 | F39: 1 | G39: =26.4/95*Notas!$B$3 -> 26.4 | H39: =18.59/95*Notas!$B$3 -> 18.59 | I39: =80.8/95*Notas!$B$3 -> 80.8 | J39: =80.8/95*Notas!$B$3 -> 80.8
A40: 2a3facb9-object_2 | B40: 39 | C40: =B40/100*Notas!$B$3 -> 37.05 | D40: =25.75/95*Notas!$B$3 -> 25.75 | E40: =17.96/95*Notas!$B$3 -> 17.96 | F40: 1 | G40: =25.75/95*Notas!$B$3 -> 25.75 | H40: =17.96/95*Notas!$B$3 -> 17.96 | I40: =78.93/95*Notas!$B$3 -> 78.93 | J40: =78.93/95*Notas!$B$3 -> 78.93
A41: 2a3facb9-object_2 | B41: 40 | C41: =B41/100*Notas!$B$3 -> 38 | D41: =25.16/95*Notas!$B$3 -> 25.16 | E41: =17.29/95*Notas!$B$3 -> 17.29 | F41: 1 | G41: =25.16/95*Notas!$B$3 -> 25.16 | H41: =17.29/95*Notas!$B$3 -> 17.29 | I41: =76.93/95*Notas!$B$3 -> 76.93 | J41: =76.93/95*Notas!$B$3 -> 76.93
A42: 2a3facb9-object_2 | B42: 41 | C42: =B42/100*Notas!$B$3 -> 38.95 | D42: =24.61/95*Notas!$B$3 -> 24.61 | E42: =12.62/95*Notas!$B$3 -> 12.62 | F42: 1 | G42: =24.61/95*Notas!$B$3 -> 24.61 | H42: =12.62/95*Notas!$B$3 -> 12.62 | I42: =68.34/95*Notas!$B$3 -> 68.34 | J42: =68.34/95*Notas!$B$3 -> 68.34
A43: 2a3facb9-object_2 | B43: 42 | C43: =B43/100*Notas!$B$3 -> 39.9 | D43: =30.1/95*Notas!$B$3 -> 30.1 | E43: =13.01/95*Notas!$B$3 -> 13.01 | F43: 1 | G43: =30.1/95*Notas!$B$3 -> 30.1 | H43: =13.01/95*Notas!$B$3 -> 13.01 | I43: =76.32/95*Notas!$B$3 -> 76.32 | J43: =76.32/95*Notas!$B$3 -> 76.32
A44: 2a3facb9-object_2 | B44: 43 | C44: =B44/100*Notas!$B$3 -> 40.85 | D44: =59.33/95*Notas!$B$3 -> 59.33 | E44: =13.32/95*Notas!$B$3 -> 13.32 | F44: 3 | G44: =40.7/95*Notas!$B$3 -> 40.7 | H44: =13.32/95*Notas!$B$3 -> 13.32 | I44: =94.27/95*Notas!$B$3 -> 94.27 | J44: =119.5/95*Notas!$B$3 -> 119.5
A45: 2a3facb9-object_2 | B45: 44 | C45: =B45/100*Notas!$B$3 -> 41.8 | D45: =73.97/95*Notas!$B$3 -> 73.97 | E45: =13.62/95*Notas!$B$3 -> 13.62 | F45: 3 | G45: =55.06/95*Notas!$B$3 -> 55.06 | H45: =13.62/95*Notas!$B$3 -> 13.62 | I45: =137.53/95*Notas!$B$3 -> 137.53 | J45: =166.65/95*Notas!$B$3 -> 166.65
A46: 2a3facb9-object_2 | B46: 45 | C46: =B46/100*Notas!$B$3 -> 42.75 | D46: =87.22/95*Notas!$B$3 -> 87.22 | E46: =13.88/95*Notas!$B$3 -> 13.88 | F46: 2 | G46: =74.11/95*Notas!$B$3 -> 74.11 | H46: =13.88/95*Notas!$B$3 -> 13.88 | I46: =185.05/95*Notas!$B$3 -> 185.05 | J46: =199.04/95*Notas!$B$3 -> 199.04
A47: 2a3facb9-object_2 | B47: 46 | C47: =B47/100*Notas!$B$3 -> 43.7 | D47: =87.15/95*Notas!$B$3 -> 87.15 | E47: =14.11/95*Notas!$B$3 -> 14.11 | F47: 1 | G47: =87.15/95*Notas!$B$3 -> 87.15 | H47: =14.11/95*Notas!$B$3 -> 14.11 | I47: =206.45/95*Notas!$B$3 -> 206.45 | J47: =206.45/95*Notas!$B$3 -> 206.45
A48: 2a3facb9-object_2 | B48: 47 | C48: =B48/100*Notas!$B$3 -> 44.65 | D48: =85.35/95*Notas!$B$3 -> 85.35 | E48: =14.32/95*Notas!$B$3 -> 14.32 | F48: 1 | G48: =85.35/95*Notas!$B$3 -> 85.35 | H48: =14.32/95*Notas!$B$3 -> 14.32 | I48: =205.64/95*Notas!$B$3 -> 205.64 | J48: =205.64/95*Notas!$B$3 -> 205.64
A49: 2a3facb9-object_2 | B49: 48 | C49: =B49/100*Notas!$B$3 -> 45.6 | D49: =83.71/95*Notas!$B$3 -> 83.71 | E49: =14.52/95*Notas!$B$3 -> 14.52 | F49: 1 | G49: =83.71/95*Notas!$B$3 -> 83.71 | H49: =14.52/95*Notas!$B$3 -> 14.52 | I49: =208.48/95*Notas!$B$3 -> 208.48 | J49: =208.48/95*Notas!$B$3 -> 208.48
A50: 2a3facb9-object_2 | B50: 49 | C50: =B50/100*Notas!$B$3 -> 46.55 | D50: =98.46/95*Notas!$B$3 -> 98.46 | E50: =14.72/95*Notas!$B$3 -> 14.72 | F50: 1 | G50: =98.46/95*Notas!$B$3 -> 98.46 | H50: =14.72/95*Notas!$B$3 -> 14.72 | I50: =237.85/95*Notas!$B$3 -> 237.85 | J50: =237.85/95*Notas!$B$3 -> 237.85
A51: 2a3facb9-object_2 | B51: 50 | C51: =B51/100*Notas!$B$3 -> 47.5 | D51: =98.71/95*Notas!$B$3 -> 98.71 | E51: =14.76/95*Notas!$B$3 -> 14.76 | F51: 1 | G51: =98.71/95*Notas!$B$3 -> 98.71 | H51: =14.76/95*Notas!$B$3 -> 14.76 | I51: =240.76/95*Notas!$B$3 -> 240.76 | J51: =240.76/95*Notas!$B$3 -> 240.76
A52: 2a3facb9-object_2 | B52: 51 | C52: =B52/100*Notas!$B$3 -> 48.45 | D52: =98.86/95*Notas!$B$3 -> 98.86 | E52: =14.42/95*Notas!$B$3 -> 14.42 | F52: 1 | G52: =98.86/95*Notas!$B$3 -> 98.86 | H52: =14.42/95*Notas!$B$3 -> 14.42 | I52: =243.89/95*Notas!$B$3 -> 243.89 | J52: =243.89/95*Notas!$B$3 -> 243.89
A53: 2a3facb9-object_2 | B53: 52 | C53: =B53/100*Notas!$B$3 -> 49.4 | D53: =97.03/95*Notas!$B$3 -> 97.03 | E53: =14.07/95*Notas!$B$3 -> 14.07 | F53: 2 | G53: =72.93/95*Notas!$B$3 -> 72.93 | H53: =14.07/95*Notas!$B$3 -> 14.07 | I53: =182.13/95*Notas!$B$3 -> 182.13 | J53: =250.49/95*Notas!$B$3 -> 250.49
A54: 2a3facb9-object_2 | B54: 53 | C54: =B54/100*Notas!$B$3 -> 50.35 | D54: =78.38/95*Notas!$B$3 -> 78.38 | E54: =13.72/95*Notas!$B$3 -> 13.72 | F54: 3 | G54: =46.95/95*Notas!$B$3 -> 46.95 | H54: =13.72/95*Notas!$B$3 -> 13.72 | I54: =120.94/95*Notas!$B$3 -> 120.94 | J54: =212.62/95*Notas!$B$3 -> 212.62
A55: 2a3facb9-object_2 | B55: 54 | C55: =B55/100*Notas!$B$3 -> 51.3 | D55: =60.7/95*Notas!$B$3 -> 60.7 | E55: =13.36/95*Notas!$B$3 -> 13.36 | F55: 4 | G55: =34.63/95*Notas!$B$3 -> 34.63 | H55: =13.36/95*Notas!$B$3 -> 13.36 | I55: =98.67/95*Notas!$B$3 -> 98.67 | J55: =183.84/95*Notas!$B$3 -> 183.84
A56: 2a3facb9-object_2 | B56: 55 | C56: =B56/100*Notas!$B$3 -> 52.25 | D56: =60.47/95*Notas!$B$3 -> 60.47 | E56: =13.01/95*Notas!$B$3 -> 13.01 | F56: 5 | G56: =24.02/95*Notas!$B$3 -> 24.02 | H56: =13.01/95*Notas!$B$3 -> 13.01 | I56: =71.34/95*Notas!$B$3 -> 71.34 | J56: =135.62/95*Notas!$B$3 -> 135.62
A57: 2a3facb9-object_2 | B57: 56 | C57: =B57/100*Notas!$B$3 -> 53.2 | D57: =18.5/95*Notas!$B$3 -> 18.5 | E57: =15.58/95*Notas!$B$3 -> 15.58 | F57: 2 | G57: =18.5/95*Notas!$B$3 -> 18.5 | H57: =15.58/95*Notas!$B$3 -> 15.58 | I57: =56.06/95*Notas!$B$3 -> 56.06 | J57: =56.36/95*Notas!$B$3 -> 56.36
A58: 2a3facb9-object_2 | B58: 57 | C58: =B58/100*Notas!$B$3 -> 54.15 | D58: =23.34/95*Notas!$B$3 -> 23.34 | E58: =19.62/95*Notas!$B$3 -> 19.62 | F58: 1 | G58: =23.34/95*Notas!$B$3 -> 23.34 | H58: =19.62/95*Notas!$B$3 -> 19.62 | I58: =68.11/95*Notas!$B$3 -> 68.11 | J58: =68.11/95*Notas!$B$3 -> 68.11
A59: 2a3facb9-object_2 | B59: 58 | C59: =B59/100*Notas!$B$3 -> 55.1 | D59: =28.07/95*Notas!$B$3 -> 28.07 | E59: =21.44/95*Notas!$B$3 -> 21.44 | F59: 1 | G59: =28.07/95*Notas!$B$3 -> 28.07 | H59: =21.44/95*Notas!$B$3 -> 21.44 | I59: =83.65/95*Notas!$B$3 -> 83.65 | J59: =83.65/95*Notas!$B$3 -> 83.65
A60: 2a3facb9-object_2 | B60: 59 | C60: =B60/100*Notas!$B$3 -> 56.05 | D60: =31.47/95*Notas!$B$3 -> 31.47 | E60: =21.77/95*Notas!$B$3 -> 21.77 | F60: 1 | G60: =31.47/95*Notas!$B$3 -> 31.47 | H60: =21.77/95*Notas!$B$3 -> 21.77 | I60: =93.44/95*Notas!$B$3 -> 93.44 | J60: =93.44/95*Notas!$B$3 -> 93.44
A61: 2a3facb9-object_2 | B61: 60 | C61: =B61/100*Notas!$B$3 -> 57 | D61: =37.83/95*Notas!$B$3 -> 37.83 | E61: =22.61/95*Notas!$B$3 -> 22.61 | F61: 3 | G61: =31.64/95*Notas!$B$3 -> 31.64 | H61: =22.61/95*Notas!$B$3 -> 22.61 | I61: =92.88/95*Notas!$B$3 -> 92.88 | J61: =106.25/95*Notas!$B$3 -> 106.25
A62: 2a3facb9-object_2 | B62: 61 | C62: =B62/100*Notas!$B$3 -> 57.95 | D62: =42.02/95*Notas!$B$3 -> 42.02 | E62: =25.98/95*Notas!$B$3 -> 25.98 | F62: 2 | G62: =42.02/95*Notas!$B$3 -> 42.02 | H62: =22.86/95*Notas!$B$3 -> 22.86 | I62: =112.66/95*Notas!$B$3 -> 112.66 | J62: =118.42/95*Notas!$B$3 -> 118.42
A63: 2a3facb9-object_2 | B63: 62 | C63: =B63/100*Notas!$B$3 -> 58.9 | D63: =44.16/95*Notas!$B$3 -> 44.16 | E63: =30.34/95*Notas!$B$3 -> 30.34 | F63: 2 | G63: =1.23/95*Notas!$B$3 -> 1.23 | H63: =1.61/95*Notas!$B$3 -> 1.61 | I63: =4.22/95*Notas!$B$3 -> 4.22 | J63: =130.88/95*Notas!$B$3 -> 130.88
A64: 2a3facb9-object_2 | B64: 63 | C64: =B64/100*Notas!$B$3 -> 59.85 | D64: =45.1/95*Notas!$B$3 -> 45.1 | E64: =30.86/95*Notas!$B$3 -> 30.86 | F64: 2 | G64: =3.13/95*Notas!$B$3 -> 3.13 | H64: =2.91/95*Notas!$B$3 -> 2.91 | I64: =8.86/95*Notas!$B$3 -> 8.86 | J64: =130.41/95*Notas!$B$3 -> 130.41
A65: 2a3facb9-object_2 | B65: 64 | C65: =B65/100*Notas!$B$3 -> 60.8 | D65: =45.14/95*Notas!$B$3 -> 45.14 | E65: =31.29/95*Notas!$B$3 -> 31.29 | F65: 2 | G65: =45.14/95*Notas!$B$3 -> 45.14 | H65: =26.66/95*Notas!$B$3 -> 26.66 | I65: =121.67/95*Notas!$B$3 -> 121.67 | J65: =134.64/95*Notas!$B$3 -> 134.64
A66: 2a3facb9-object_2 | B66: 65 | C66: =B66/100*Notas!$B$3 -> 61.75 | D66: =45.16/95*Notas!$B$3 -> 45.16 | E66: =31.71/95*Notas!$B$3 -> 31.71 | F66: 3 | G66: =45.16/95*Notas!$B$3 -> 45.16 | H66: =26.99/95*Notas!$B$3 -> 26.99 | I66: =122.51/95*Notas!$B$3 -> 122.51 | J66: =156.8/95*Notas!$B$3 -> 156.8
A67: 2a3facb9-object_2 | B67: 66 | C67: =B67/100*Notas!$B$3 -> 62.7 | D67: =45.17/95*Notas!$B$3 -> 45.17 | E67: =32.14/95*Notas!$B$3 -> 32.14 | F67: 1 | G67: =45.17/95*Notas!$B$3 -> 45.17 | H67: =32.14/95*Notas!$B$3 -> 32.14 | I67: =154.3/95*Notas!$B$3 -> 154.3 | J67: =154.3/95*Notas!$B$3 -> 154.3
A68: 2a3facb9-object_2 | B68: 67 | C68: =B68/100*Notas!$B$3 -> 63.65 | D68: =45.18/95*Notas!$B$3 -> 45.18 | E68: =32.57/95*Notas!$B$3 -> 32.57 | F68: 2 | G68: =45.18/95*Notas!$B$3 -> 45.18 | H68: =32.57/95*Notas!$B$3 -> 32.57 | I68: =154.77/95*Notas!$B$3 -> 154.77 | J68: =159.99/95*Notas!$B$3 -> 159.99
A69: 2a3facb9-object_2 | B69: 68 | C69: =B69/100*Notas!$B$3 -> 64.6 | D69: =45.04/95*Notas!$B$3 -> 45.04 | E69: =32.99/95*Notas!$B$3 -> 32.99 | F69: 2 | G69: =45.04/95*Notas!$B$3 -> 45.04 | H69: =32.99/95*Notas!$B$3 -> 32.99 | I69: =152.41/95*Notas!$B$3 -> 152.41 | J69: =162.44/95*Notas!$B$3 -> 162.44
A70: 2a3facb9-object_2 | B70: 69 | C70: =B70/100*Notas!$B$3 -> 65.55 | D70: =44.79/95*Notas!$B$3 -> 44.79 | E70: =33.39/95*Notas!$B$3 -> 33.39 | F70: 2 | G70: =44.79/95*Notas!$B$3 -> 44.79 | H70: =33.39/95*Notas!$B$3 -> 33.39 | I70: =149.18/95*Notas!$B$3 -> 149.18 | J70: =162.62/95*Notas!$B$3 -> 162.62
A71: 2a3facb9-object_2 | B71: 70 | C71: =B71/100*Notas!$B$3 -> 66.5 | D71: =43.35/95*Notas!$B$3 -> 43.35 | E71: =33.77/95*Notas!$B$3 -> 33.77 | F71: 2 | G71: =43.35/95*Notas!$B$3 -> 43.35 | H71: =33.77/95*Notas!$B$3 -> 33.77 | I71: =142.99/95*Notas!$B$3 -> 142.99 | J71: =167.51/95*Notas!$B$3 -> 167.51
A72: 2a3facb9-object_2 | B72: 71 | C72: =B72/100*Notas!$B$3 -> 67.45 | D72: =41.19/95*Notas!$B$3 -> 41.19 | E72: =34.11/95*Notas!$B$3 -> 34.11 | F72: 2 | G72: =41.19/95*Notas!$B$3 -> 41.19 | H72: =34.11/95*Notas!$B$3 -> 34.11 | I72: =135.73/95*Notas!$B$3 -> 135.73 | J72: =164.66/95*Notas!$B$3 -> 164.66
A73: 2a3facb9-object_2 | B73: 72 | C73: =B73/100*Notas!$B$3 -> 68.4 | D73: =40.36/95*Notas!$B$3 -> 40.36 | E73: =34.46/95*Notas!$B$3 -> 34.46 | F73: 3 | G73: =40.36/95*Notas!$B$3 -> 40.36 | H73: =34.46/95*Notas!$B$3 -> 34.46 | I73: =133.54/95*Notas!$B$3 -> 133.54 | J73: =162.83/95*Notas!$B$3 -> 162.83
A74: 2a3facb9-object_2 | B74: 73 | C74: =B74/100*Notas!$B$3 -> 69.35 | D74: =41.65/95*Notas!$B$3 -> 41.65 | E74: =34.8/95*Notas!$B$3 -> 34.8 | F74: 3 | G74: =41.65/95*Notas!$B$3 -> 41.65 | H74: =34.8/95*Notas!$B$3 -> 34.8 | I74: =135.21/95*Notas!$B$3 -> 135.21 | J74: =165.69/95*Notas!$B$3 -> 165.69
A75: 2a3facb9-object_2 | B75: 74 | C75: =B75/100*Notas!$B$3 -> 70.3 | D75: =42.66/95*Notas!$B$3 -> 42.66 | E75: =35.15/95*Notas!$B$3 -> 35.15 | F75: 3 | G75: =42.66/95*Notas!$B$3 -> 42.66 | H75: =35.15/95*Notas!$B$3 -> 35.15 | I75: =135.17/95*Notas!$B$3 -> 135.17 | J75: =165.85/95*Notas!$B$3 -> 165.85
A76: 2a3facb9-object_2 | B76: 75 | C76: =B76/100*Notas!$B$3 -> 71.25 | D76: =43.55/95*Notas!$B$3 -> 43.55 | E76: =35.42/95*Notas!$B$3 -> 35.42 | F76: 3 | G76: =43.55/95*Notas!$B$3 -> 43.55 | H76: =35.42/95*Notas!$B$3 -> 35.42 | I76: =136.44/95*Notas!$B$3 -> 136.44 | J76: =166.41/95*Notas!$B$3 -> 166.41
A77: 2a3facb9-object_2 | B77: 76 | C77: =B77/100*Notas!$B$3 -> 72.2 | D77: =44.38/95*Notas!$B$3 -> 44.38 | E77: =35.64/95*Notas!$B$3 -> 35.64 | F77: 2 | G77: =44.38/95*Notas!$B$3 -> 44.38 | H77: =35.64/95*Notas!$B$3 -> 35.64 | I77: =137.83/95*Notas!$B$3 -> 137.83 | J77: =165.38/95*Notas!$B$3 -> 165.38
A78: 2a3facb9-object_2 | B78: 77 | C78: =B78/100*Notas!$B$3 -> 73.15 | D78: =45.21/95*Notas!$B$3 -> 45.21 | E78: =35.83/95*Notas!$B$3 -> 35.83 | F78: 1 | G78: =45.21/95*Notas!$B$3 -> 45.21 | H78: =35.83/95*Notas!$B$3 -> 35.83 | I78: =167.18/95*Notas!$B$3 -> 167.18 | J78: =167.18/95*Notas!$B$3 -> 167.18
A79: 2a3facb9-object_2 | B79: 78 | C79: =B79/100*Notas!$B$3 -> 74.1 | D79: =46.03/95*Notas!$B$3 -> 46.03 | E79: =36.01/95*Notas!$B$3 -> 36.01 | F79: 1 | G79: =46.03/95*Notas!$B$3 -> 46.03 | H79: =36.01/95*Notas!$B$3 -> 36.01 | I79: =168.23/95*Notas!$B$3 -> 168.23 | J79: =168.23/95*Notas!$B$3 -> 168.23
A80: 2a3facb9-object_2 | B80: 79 | C80: =B80/100*Notas!$B$3 -> 75.05 | D80: =46.88/95*Notas!$B$3 -> 46.88 | E80: =36.18/95*Notas!$B$3 -> 36.18 | F80: 1 | G80: =46.88/95*Notas!$B$3 -> 46.88 | H80: =36.18/95*Notas!$B$3 -> 36.18 | I80: =169.61/95*Notas!$B$3 -> 169.61 | J80: =169.61/95*Notas!$B$3 -> 169.61
A81: 2a3facb9-object_2 | B81: 80 | C81: =B81/100*Notas!$B$3 -> 76 | D81: =47.74/95*Notas!$B$3 -> 47.74 | E81: =36.1/95*Notas!$B$3 -> 36.1 | F81: 1 | G81: =47.74/95*Notas!$B$3 -> 47.74 | H81: =36.1/95*Notas!$B$3 -> 36.1 | I81: =171.12/95*Notas!$B$3 -> 171.12 | J81: =171.12/95*Notas!$B$3 -> 171.12
A82: 2a3facb9-object_2 | B82: 81 | C82: =B82/100*Notas!$B$3 -> 76.95 | D82: =48.62/95*Notas!$B$3 -> 48.62 | E82: =35.33/95*Notas!$B$3 -> 35.33 | F82: 1 | G82: =48.62/95*Notas!$B$3 -> 48.62 | H82: =35.33/95*Notas!$B$3 -> 35.33 | I82: =170.54/95*Notas!$B$3 -> 170.54 | J82: =170.54/95*Notas!$B$3 -> 170.54
A83: 2a3facb9-object_2 | B83: 82 | C83: =B83/100*Notas!$B$3 -> 77.9 | D83: =48.68/95*Notas!$B$3 -> 48.68 | E83: =34.2/95*Notas!$B$3 -> 34.2 | F83: 1 | G83: =48.68/95*Notas!$B$3 -> 48.68 | H83: =34.2/95*Notas!$B$3 -> 34.2 | I83: =168.48/95*Notas!$B$3 -> 168.48 | J83: =168.48/95*Notas!$B$3 -> 168.48
A84: 2a3facb9-object_2 | B84: 83 | C84: =B84/100*Notas!$B$3 -> 78.85 | D84: =47.44/95*Notas!$B$3 -> 47.44 | E84: =33.65/95*Notas!$B$3 -> 33.65 | F84: 2 | G84: =47.44/95*Notas!$B$3 -> 47.44 | H84: =33.65/95*Notas!$B$3 -> 33.65 | I84: =138.28/95*Notas!$B$3 -> 138.28 | J84: =163.84/95*Notas!$B$3 -> 163.84
A85: 2a3facb9-object_2 | B85: 84 | C85: =B85/100*Notas!$B$3 -> 79.8 | D85: =46.17/95*Notas!$B$3 -> 46.17 | E85: =33.09/95*Notas!$B$3 -> 33.09 | F85: 1 | G85: =46.17/95*Notas!$B$3 -> 46.17 | H85: =33.09/95*Notas!$B$3 -> 33.09 | I85: =159.63/95*Notas!$B$3 -> 159.63 | J85: =159.63/95*Notas!$B$3 -> 159.63
A86: 2a3facb9-object_2 | B86: 85 | C86: =B86/100*Notas!$B$3 -> 80.75 | D86: =44.9/95*Notas!$B$3 -> 44.9 | E86: =32.5/95*Notas!$B$3 -> 32.5 | F86: 1 | G86: =44.9/95*Notas!$B$3 -> 44.9 | H86: =32.5/95*Notas!$B$3 -> 32.5 | I86: =157.5/95*Notas!$B$3 -> 157.5 | J86: =157.5/95*Notas!$B$3 -> 157.5
A87: 2a3facb9-object_2 | B87: 86 | C87: =B87/100*Notas!$B$3 -> 81.7 | D87: =43.62/95*Notas!$B$3 -> 43.62 | E87: =30.18/95*Notas!$B$3 -> 30.18 | F87: 1 | G87: =43.62/95*Notas!$B$3 -> 43.62 | H87: =30.18/95*Notas!$B$3 -> 30.18 | I87: =152.97/95*Notas!$B$3 -> 152.97 | J87: =152.97/95*Notas!$B$3 -> 152.97
A88: 2a3facb9-object_2 | B88: 87 | C88: =B88/100*Notas!$B$3 -> 82.65 | D88: =42.28/95*Notas!$B$3 -> 42.28 | E88: =29.67/95*Notas!$B$3 -> 29.67 | F88: 2 | G88: =42.28/95*Notas!$B$3 -> 42.28 | H88: =29.67/95*Notas!$B$3 -> 29.67 | I88: =131.81/95*Notas!$B$3 -> 131.81 | J88: =152.24/95*Notas!$B$3 -> 152.24
A89: 2a3facb9-object_2 | B89: 88 | C89: =B89/100*Notas!$B$3 -> 83.6 | D89: =40.95/95*Notas!$B$3 -> 40.95 | E89: =28.62/95*Notas!$B$3 -> 28.62 | F89: 2 | G89: =40.95/95*Notas!$B$3 -> 40.95 | H89: =28.62/95*Notas!$B$3 -> 28.62 | I89: =128.42/95*Notas!$B$3 -> 128.42 | J89: =147.88/95*Notas!$B$3 -> 147.88
A90: 2a3facb9-object_2 | B90: 89 | C90: =B90/100*Notas!$B$3 -> 84.55 | D90: =39.58/95*Notas!$B$3 -> 39.58 | E90: =28.75/95*Notas!$B$3 -> 28.75 | F90: 2 | G90: =39.58/95*Notas!$B$3 -> 39.58 | H90: =28.75/95*Notas!$B$3 -> 28.75 | I90: =126.79/95*Notas!$B$3 -> 126.79 | J90: =145.45/95*Notas!$B$3 -> 145.45
A91: 2a3facb9-object_2 | B91: 90 | C91: =B91/100*Notas!$B$3 -> 85.5 | D91: =38.2/95*Notas!$B$3 -> 38.2 | E91: =27.19/95*Notas!$B$3 -> 27.19 | F91: 2 | G91: =38.2/95*Notas!$B$3 -> 38.2 | H91: =27.19/95*Notas!$B$3 -> 27.19 | I91: =127.02/95*Notas!$B$3 -> 127.02 | J91: =144.9/95*Notas!$B$3 -> 144.9
A92: 2a3facb9-object_2 | B92: 91 | C92: =B92/100*Notas!$B$3 -> 86.45 | D92: =36.79/95*Notas!$B$3 -> 36.79 | E92: =24.47/95*Notas!$B$3 -> 24.47 | F92: 2 | G92: =36.79/95*Notas!$B$3 -> 36.79 | H92: =24.47/95*Notas!$B$3 -> 24.47 | I92: =128.76/95*Notas!$B$3 -> 128.76 | J92: =145.48/95*Notas!$B$3 -> 145.48
A93: 2a3facb9-object_2 | B93: 92 | C93: =B93/100*Notas!$B$3 -> 87.4 | D93: =35.4/95*Notas!$B$3 -> 35.4 | E93: =22.82/95*Notas!$B$3 -> 22.82 | F93: 2 | G93: =35.4/95*Notas!$B$3 -> 35.4 | H93: =22.82/95*Notas!$B$3 -> 22.82 | I93: =122.18/95*Notas!$B$3 -> 122.18 | J93: =134.56/95*Notas!$B$3 -> 134.56
A94: 2a3facb9-object_2 | B94: 93 | C94: =B94/100*Notas!$B$3 -> 88.35 | D94: =32.08/95*Notas!$B$3 -> 32.08 | E94: =20.67/95*Notas!$B$3 -> 20.67 | F94: 1 | G94: =32.08/95*Notas!$B$3 -> 32.08 | H94: =20.67/95*Notas!$B$3 -> 20.67 | I94: =96.9/95*Notas!$B$3 -> 96.9 | J94: =96.9/95*Notas!$B$3 -> 96.9
A95: 2a3facb9-object_2 | B95: 94 | C95: =B95/100*Notas!$B$3 -> 89.3 | D95: =29.52/95*Notas!$B$3 -> 29.52 | E95: =19.63/95*Notas!$B$3 -> 19.63 | F95: 1 | G95: =29.52/95*Notas!$B$3 -> 29.52 | H95: =19.63/95*Notas!$B$3 -> 19.63 | I95: =81.7/95*Notas!$B$3 -> 81.7 | J95: =81.7/95*Notas!$B$3 -> 81.7
A96: 2a3facb9-object_2 | B96: 95 | C96: =B96/100*Notas!$B$3 -> 90.25 | D96: =26.11/95*Notas!$B$3 -> 26.11 | E96: =18.15/95*Notas!$B$3 -> 18.15 | F96: 1 | G96: =26.11/95*Notas!$B$3 -> 26.11 | H96: =18.15/95*Notas!$B$3 -> 18.15 | I96: =74.48/95*Notas!$B$3 -> 74.48 | J96: =74.48/95*Notas!$B$3 -> 74.48
A97: 2a3facb9-object_2 | B97: 96 | C97: =B97/100*Notas!$B$3 -> 91.2 | D97: =12.87/95*Notas!$B$3 -> 12.87 | E97: =15.86/95*Notas!$B$3 -> 15.86 | F97: 1 | G97: =12.87/95*Notas!$B$3 -> 12.87 | H97: =15.86/95*Notas!$B$3 -> 15.86 | I97: =41.56/95*Notas!$B$3 -> 41.56 | J97: =41.56/95*Notas!$B$3 -> 41.56
A98: 2a3facb9-object_2 | B98: 97 | C98: =B98/100*Notas!$B$3 -> 92.15 | D98: =11.33/95*Notas!$B$3 -> 11.33 | E98: =12.96/95*Notas!$B$3 -> 12.96 | F98: 1 | G98: =11.33/95*Notas!$B$3 -> 11.33 | H98: =12.96/95*Notas!$B$3 -> 12.96 | I98: =35.04/95*Notas!$B$3 -> 35.04 | J98: =35.04/95*Notas!$B$3 -> 35.04
A99: 2a3facb9-object_2 | B99: 98 | C99: =B99/100*Notas!$B$3 -> 93.1 | D99: =9.49/95*Notas!$B$3 -> 9.49 | E99: =9.6/95*Notas!$B$3 -> 9.6 | F99: 1 | G99: =9.49/95*Notas!$B$3 -> 9.49 | H99: =9.6/95*Notas!$B$3 -> 9.6 | I99: =27.51/95*Notas!$B$3 -> 27.51 | J99: =27.51/95*Notas!$B$3 -> 27.51
A100: 2a3facb9-object_2 | B100: 99 | C100: =B100/100*Notas!$B$3 -> 94.05 | D100: =6.63/95*Notas!$B$3 -> 6.63 | E100: =5.87/95*Notas!$B$3 -> 5.87 | F100: 1 | G100: =6.63/95*Notas!$B$3 -> 6.63 | H100: =5.87/95*Notas!$B$3 -> 5.87 | I100: =18.28/95*Notas!$B$3 -> 18.28 | J100: =18.28/95*Notas!$B$3 -> 18.28
...

Sheet Vistas
A1: Frente / lado / arriba de cada GLB (render propio con la textura)
